ISO-10303-21;
HEADER;
FILE_DESCRIPTION(('STEP AP214'),
    '1');
FILE_NAME('основание',
    '',
    ('UNSPECIFIED'),
    ('UNSPECIFIED'),
    'C3D Converter',
    'C3D Toolkit',
    '');
FILE_SCHEMA(('AUTOMOTIVE_DESIGN { 1 0 10303 214 3 1 1}'));
ENDSEC;

DATA;
#1=PRODUCT_DEFINITION('','UNSPECIFIED',#82,#85);
#2=SHAPE_DEFINITION_REPRESENTATION(#38,#3);
#3=SHAPE_REPRESENTATION('NONE',(#4),#8);
#4=AXIS2_PLACEMENT_3D('',#5,#6,#7);
#5=CARTESIAN_POINT('',(0.,0.,0.));
#6=DIRECTION('',(0.,0.,1.));
#7=DIRECTION('',(1.,0.,0.));
#8=(GEOMETRIC_REPRESENTATION_CONTEXT(3)GLOBAL_UNCERTAINTY_ASSIGNED_CONTEXT((#10))
GLOBAL_UNIT_ASSIGNED_CONTEXT((#9,#11,#12))REPRESENTATION_CONTEXT('NONE','NONE'));
#9=(LENGTH_UNIT()NAMED_UNIT(*)SI_UNIT(.MILLI.,.METRE.));
#10=UNCERTAINTY_MEASURE_WITH_UNIT(LENGTH_MEASURE(1.E-5),#9,'NONE','NONE');
#11=(NAMED_UNIT(*)PLANE_ANGLE_UNIT()SI_UNIT($,.RADIAN.));
#12=(NAMED_UNIT(*)SI_UNIT($,.STERADIAN.)SOLID_ANGLE_UNIT());
#13=MANIFOLD_SOLID_BREP('',#26);
#14=DESCRIPTIVE_REPRESENTATION_ITEM('c3d_UniqueCompID','dc145a98-b09c-4670-9166-6c3b14a6201e');
#15=SHAPE_ASPECT('','',#1,.F.);
#16=PROPERTY_DEFINITION('NONE','NONE',#15);
#17=PROPERTY_DEFINITION_REPRESENTATION(#16,#18);
#18=REPRESENTATION('NONE',(#13),$);
#19=PROPERTY_DEFINITION('NONE','NONE',#15);
#20=GENERAL_PROPERTY_ASSOCIATION('','',#21,#19);
#21=GENERAL_PROPERTY('','','string property');
#22=PROPERTY_DEFINITION_REPRESENTATION(#21,#23);
#23=REPRESENTATION('NONE',(#14),#24);
#24=GLOBAL_UNIT_ASSIGNED_CONTEXT('NONE','NONE',(#25));
#25=RATIO_UNIT($);
#26=CLOSED_SHELL('',(#107,#108,#109,#110,#111,#112,#113,#114,#115,#116,#117,#118,
#119,#120,#121,#122,#123,#124,#125,#126,#127,#128,#129,#130,#131,#132,#133,#134,
#135,#136,#137,#138,#139,#140,#141,#142,#143,#144,#145,#146,#147,#148,#149,#150,
#151,#152,#153,#154,#155,#156,#157,#158,#159,#160,#161,#162,#163,#164,#165,#166,
#167,#168,#169,#170,#171,#172,#173,#174,#175,#176,#177,#178,#179,#180,#181,#182,
#183,#184,#185,#186,#187,#188,#189,#190,#191,#192,#193,#194,#195,#196,#197,#198,
#199,#200,#201,#202,#203,#204,#205,#206,#207,#208,#209,#210,#211,#212,#213,#214,
#215,#216,#217,#218,#219,#220,#221,#222,#223,#224,#225,#226,#227,#228,#229,#230,
#231,#232,#233,#234,#235,#236,#237,#238,#239,#240,#241,#242,#243,#244,#245,#246,
#247,#248,#249,#250,#251,#252,#253,#254,#255,#256,#257));
#27=COLOUR_RGB('',0.564705882352941,0.564705882352941,0.564705882352941);
#28=FILL_AREA_STYLE_COLOUR('',#27);
#29=FILL_AREA_STYLE($,(#28));
#30=SURFACE_STYLE_FILL_AREA(#29);
#31=SURFACE_SIDE_STYLE('',(#30));
#32=SURFACE_STYLE_USAGE(.BOTH.,#31);
#33=PRESENTATION_STYLE_ASSIGNMENT((#32));
#34=MECHANICAL_DESIGN_GEOMETRIC_PRESENTATION_REPRESENTATION('NONE',(#35),#8);
#35=STYLED_ITEM('',(#33),#13);
#36=ADVANCED_BREP_SHAPE_REPRESENTATION('NONE',(#13),#8);
#37=SHAPE_REPRESENTATION_RELATIONSHIP('','',#3,#36);
#38=PRODUCT_DEFINITION_SHAPE('NONE','NONE',#1);
#39=DESCRIPTIVE_REPRESENTATION_ITEM('c3d_UniqueCompID','8e60ace1-5c1f-4d16-9b7b-461eae87dcaa');
#40=DESCRIPTIVE_REPRESENTATION_ITEM('\X2\041D04300438043C0435043D043E04320430043D04380435\X0\',
'\X2\0414043504420430043B044C\X0\');
#41=DESCRIPTIVE_REPRESENTATION_ITEM('\X2\041C043004420435044004380430043B\X0\','\X2\042104420430043B044C\X0\ 10 \X2\0413041E04210422\X0\ 1050-2013');
#42=DESCRIPTIVE_REPRESENTATION_ITEM('\X2\041004320442043E0440\X0\','Maxim');
#43=DESCRIPTIVE_REPRESENTATION_ITEM('\X2\041A043B043004410441\X0\ \X2\0442043E0447043D043E044104420438\X0\',
'c');
#44=DESCRIPTIVE_REPRESENTATION_ITEM('\X2\0417043D0430043A\X0\ \X2\043D04350443043A043004370430043D043D043E0439\X0\ \X2\044804350440043E0445043E043204300442043E044104420438\X0\',
'\X2\042804350440043E0445043E043204300442043E04410442044C\X0\ \X2\043D0435\X0\ \X2\0437043004340430043D0430\X0\');
#45=DESCRIPTIVE_REPRESENTATION_ITEM('\X2\04200430044104410435043A04300442044C\X0\ \X2\043D0430\X0\ \X2\04400430043704400435043704300445\X0\',
'\X2\04140430\X0\');
#46=PROPERTY_DEFINITION('NONE','NONE',#38);
#47=GENERAL_PROPERTY_ASSOCIATION('','',#48,#46);
#48=GENERAL_PROPERTY('','','string property');
#49=PROPERTY_DEFINITION_REPRESENTATION(#48,#50);
#50=REPRESENTATION('NONE',(#39),#24);
#51=PROPERTY_DEFINITION('NONE','NONE',#38);
#52=GENERAL_PROPERTY_ASSOCIATION('','',#53,#51);
#53=GENERAL_PROPERTY('','','string property');
#54=PROPERTY_DEFINITION_REPRESENTATION(#53,#55);
#55=REPRESENTATION('NONE',(#40),#24);
#56=PROPERTY_DEFINITION('NONE','NONE',#38);
#57=GENERAL_PROPERTY_ASSOCIATION('','',#58,#56);
#58=GENERAL_PROPERTY('','','string property');
#59=PROPERTY_DEFINITION_REPRESENTATION(#58,#60);
#60=REPRESENTATION('NONE',(#41),#24);
#61=PROPERTY_DEFINITION('NONE','NONE',#38);
#62=GENERAL_PROPERTY_ASSOCIATION('','',#63,#61);
#63=GENERAL_PROPERTY('','','string property');
#64=PROPERTY_DEFINITION_REPRESENTATION(#63,#65);
#65=REPRESENTATION('NONE',(#42),#24);
#66=PROPERTY_DEFINITION('NONE','NONE',#38);
#67=GENERAL_PROPERTY_ASSOCIATION('','',#68,#66);
#68=GENERAL_PROPERTY('','','string property');
#69=PROPERTY_DEFINITION_REPRESENTATION(#68,#70);
#70=REPRESENTATION('NONE',(#43),#24);
#71=PROPERTY_DEFINITION('NONE','NONE',#38);
#72=GENERAL_PROPERTY_ASSOCIATION('','',#73,#71);
#73=GENERAL_PROPERTY('','','string property');
#74=PROPERTY_DEFINITION_REPRESENTATION(#73,#75);
#75=REPRESENTATION('NONE',(#44),#24);
#76=PROPERTY_DEFINITION('NONE','NONE',#38);
#77=GENERAL_PROPERTY_ASSOCIATION('','',#78,#76);
#78=GENERAL_PROPERTY('','','string property');
#79=PROPERTY_DEFINITION_REPRESENTATION(#78,#80);
#80=REPRESENTATION('NONE',(#45),#24);
#81=MECHANICAL_CONTEXT('NONE',#86,'mechanical');
#82=PRODUCT_DEFINITION_FORMATION_WITH_SPECIFIED_SOURCE('ANY','UNSPECIFIED',#83,.NOT_KNOWN.);
#83=PRODUCT('','\X2\0414043504420430043B044C\X0\','NONE',(#81));
#84=PRODUCT_RELATED_PRODUCT_CATEGORY('detail','',(#83));
#85=DESIGN_CONTEXT('detailed design',#86,'design');
#86=APPLICATION_CONTEXT('configuration controlled 3d designs of mechanical parts and assemblies');
#87=APPLICATION_PROTOCOL_DEFINITION('international standard','config_control_design',
1994,#86);
#88=CC_DESIGN_DATE_AND_TIME_ASSIGNMENT(#89,#93,(#1));
#89=DATE_AND_TIME(#90,#91);
#90=CALENDAR_DATE(0,1,1);
#91=LOCAL_TIME(0,0,0.,#92);
#92=COORDINATED_UNIVERSAL_TIME_OFFSET(0,0,.AHEAD.);
#93=DATE_TIME_ROLE('creation_date');
#94=CC_DESIGN_APPROVAL(#95,(#1));
#95=APPROVAL(#96,'UNSPECIFIED');
#96=APPROVAL_STATUS('not_yet_approved');
#97=APPROVAL_DATE_TIME(#98,#95);
#98=DATE_AND_TIME(#99,#100);
#99=CALENDAR_DATE(0,1,1);
#100=LOCAL_TIME(0,0,0.,#101);
#101=COORDINATED_UNIVERSAL_TIME_OFFSET(0,0,.AHEAD.);
#102=PERSON('UNSPECIFIED','Maxim','UNSPECIFIED',('UNSPECIFIED'),('UNSPECIFIED'),
('UNSPECIFIED'));
#103=ORGANIZATION('UNSPECIFIED','UNSPECIFIED','UNSPECIFIED');
#104=PERSON_AND_ORGANIZATION(#102,#103);
#105=PERSON_AND_ORGANIZATION_ROLE('creator');
#106=CC_DESIGN_PERSON_AND_ORGANIZATION_ASSIGNMENT(#104,#105,(#82,#1));
#107=ADVANCED_FACE('',(#258,#260,#262,#264,#266,#268,#270,#272,#274,#276,#278,#280,
#282,#284,#286,#288,#290,#292,#294,#296,#298,#300,#302,#304,#306,#308,#310,#312,
#314,#316),#318,.T.);
#108=ADVANCED_FACE('',(#323,#325,#327,#329,#331,#333,#335,#337,#339,#341,#343,#345,
#347,#349,#351,#353,#355,#357,#359,#361,#363,#365,#367,#369,#371,#373,#375,#377,
#379,#381,#383,#385,#387,#389,#391,#393,#395,#397),#399,.T.);
#109=ADVANCED_FACE('',(#404,#406),#408,.F.);
#110=ADVANCED_FACE('',(#413),#415,.F.);
#111=ADVANCED_FACE('',(#420),#422,.F.);
#112=ADVANCED_FACE('',(#427),#429,.F.);
#113=ADVANCED_FACE('',(#434),#436,.F.);
#114=ADVANCED_FACE('',(#441),#443,.F.);
#115=ADVANCED_FACE('',(#448),#450,.F.);
#116=ADVANCED_FACE('',(#455),#457,.F.);
#117=ADVANCED_FACE('',(#462),#464,.F.);
#118=ADVANCED_FACE('',(#469),#471,.F.);
#119=ADVANCED_FACE('',(#476),#478,.F.);
#120=ADVANCED_FACE('',(#483),#485,.F.);
#121=ADVANCED_FACE('',(#490),#492,.F.);
#122=ADVANCED_FACE('',(#497),#499,.F.);
#123=ADVANCED_FACE('',(#504),#506,.F.);
#124=ADVANCED_FACE('',(#511),#513,.F.);
#125=ADVANCED_FACE('',(#518),#520,.F.);
#126=ADVANCED_FACE('',(#525),#527,.F.);
#127=ADVANCED_FACE('',(#532),#534,.F.);
#128=ADVANCED_FACE('',(#539),#541,.F.);
#129=ADVANCED_FACE('',(#546),#548,.F.);
#130=ADVANCED_FACE('',(#553),#555,.F.);
#131=ADVANCED_FACE('',(#560),#562,.F.);
#132=ADVANCED_FACE('',(#567),#569,.F.);
#133=ADVANCED_FACE('',(#574),#576,.F.);
#134=ADVANCED_FACE('',(#581),#583,.F.);
#135=ADVANCED_FACE('',(#588),#590,.F.);
#136=ADVANCED_FACE('',(#595),#597,.F.);
#137=ADVANCED_FACE('',(#602),#604,.F.);
#138=ADVANCED_FACE('',(#609),#611,.F.);
#139=ADVANCED_FACE('',(#616),#618,.F.);
#140=ADVANCED_FACE('',(#623),#625,.F.);
#141=ADVANCED_FACE('',(#630),#632,.F.);
#142=ADVANCED_FACE('',(#637),#639,.F.);
#143=ADVANCED_FACE('',(#644),#646,.F.);
#144=ADVANCED_FACE('',(#651),#653,.F.);
#145=ADVANCED_FACE('',(#658),#660,.F.);
#146=ADVANCED_FACE('',(#665),#667,.F.);
#147=ADVANCED_FACE('',(#672),#674,.F.);
#148=ADVANCED_FACE('',(#679),#681,.F.);
#149=ADVANCED_FACE('',(#686),#688,.F.);
#150=ADVANCED_FACE('',(#693),#695,.F.);
#151=ADVANCED_FACE('',(#700),#702,.F.);
#152=ADVANCED_FACE('',(#707),#709,.F.);
#153=ADVANCED_FACE('',(#714),#716,.F.);
#154=ADVANCED_FACE('',(#721),#723,.F.);
#155=ADVANCED_FACE('',(#728),#730,.F.);
#156=ADVANCED_FACE('',(#735),#737,.F.);
#157=ADVANCED_FACE('',(#742),#744,.F.);
#158=ADVANCED_FACE('',(#749),#751,.F.);
#159=ADVANCED_FACE('',(#756),#758,.F.);
#160=ADVANCED_FACE('',(#763),#765,.F.);
#161=ADVANCED_FACE('',(#770),#772,.F.);
#162=ADVANCED_FACE('',(#777),#779,.F.);
#163=ADVANCED_FACE('',(#784),#786,.F.);
#164=ADVANCED_FACE('',(#791),#793,.F.);
#165=ADVANCED_FACE('',(#798),#800,.F.);
#166=ADVANCED_FACE('',(#805),#807,.F.);
#167=ADVANCED_FACE('',(#812),#814,.F.);
#168=ADVANCED_FACE('',(#819),#821,.F.);
#169=ADVANCED_FACE('',(#826),#828,.F.);
#170=ADVANCED_FACE('',(#833),#835,.F.);
#171=ADVANCED_FACE('',(#840),#842,.F.);
#172=ADVANCED_FACE('',(#847),#849,.F.);
#173=ADVANCED_FACE('',(#854),#856,.F.);
#174=ADVANCED_FACE('',(#861),#863,.F.);
#175=ADVANCED_FACE('',(#868),#870,.F.);
#176=ADVANCED_FACE('',(#875),#877,.F.);
#177=ADVANCED_FACE('',(#882),#884,.F.);
#178=ADVANCED_FACE('',(#889),#891,.F.);
#179=ADVANCED_FACE('',(#896),#898,.F.);
#180=ADVANCED_FACE('',(#903),#905,.F.);
#181=ADVANCED_FACE('',(#910),#912,.F.);
#182=ADVANCED_FACE('',(#917),#919,.F.);
#183=ADVANCED_FACE('',(#924),#926,.F.);
#184=ADVANCED_FACE('',(#931),#933,.F.);
#185=ADVANCED_FACE('',(#938),#940,.F.);
#186=ADVANCED_FACE('',(#945),#947,.F.);
#187=ADVANCED_FACE('',(#952),#954,.F.);
#188=ADVANCED_FACE('',(#959),#961,.F.);
#189=ADVANCED_FACE('',(#966),#968,.F.);
#190=ADVANCED_FACE('',(#973),#975,.F.);
#191=ADVANCED_FACE('',(#980),#982,.F.);
#192=ADVANCED_FACE('',(#987),#989,.F.);
#193=ADVANCED_FACE('',(#994),#996,.F.);
#194=ADVANCED_FACE('',(#1001),#1003,.F.);
#195=ADVANCED_FACE('',(#1008),#1010,.F.);
#196=ADVANCED_FACE('',(#1015),#1017,.F.);
#197=ADVANCED_FACE('',(#1022),#1024,.F.);
#198=ADVANCED_FACE('',(#1029),#1031,.F.);
#199=ADVANCED_FACE('',(#1036),#1038,.F.);
#200=ADVANCED_FACE('',(#1043),#1045,.F.);
#201=ADVANCED_FACE('',(#1050),#1052,.F.);
#202=ADVANCED_FACE('',(#1057),#1059,.F.);
#203=ADVANCED_FACE('',(#1064),#1066,.F.);
#204=ADVANCED_FACE('',(#1071),#1073,.F.);
#205=ADVANCED_FACE('',(#1078),#1080,.F.);
#206=ADVANCED_FACE('',(#1085,#1087),#1089,.T.);
#207=ADVANCED_FACE('',(#1094,#1096),#1098,.T.);
#208=ADVANCED_FACE('',(#1103,#1105),#1107,.T.);
#209=ADVANCED_FACE('',(#1112,#1114),#1116,.T.);
#210=ADVANCED_FACE('',(#1121,#1123),#1125,.T.);
#211=ADVANCED_FACE('',(#1130,#1132),#1134,.F.);
#212=ADVANCED_FACE('',(#1139,#1141),#1143,.F.);
#213=ADVANCED_FACE('',(#1148,#1150),#1152,.F.);
#214=ADVANCED_FACE('',(#1157,#1159),#1161,.F.);
#215=ADVANCED_FACE('',(#1166,#1168),#1170,.F.);
#216=ADVANCED_FACE('',(#1175,#1177),#1179,.F.);
#217=ADVANCED_FACE('',(#1184,#1186),#1188,.F.);
#218=ADVANCED_FACE('',(#1193,#1195),#1197,.F.);
#219=ADVANCED_FACE('',(#1202,#1204),#1206,.F.);
#220=ADVANCED_FACE('',(#1211,#1213),#1215,.F.);
#221=ADVANCED_FACE('',(#1220,#1222),#1224,.F.);
#222=ADVANCED_FACE('',(#1229,#1231),#1233,.F.);
#223=ADVANCED_FACE('',(#1238,#1240),#1242,.F.);
#224=ADVANCED_FACE('',(#1247,#1249),#1251,.T.);
#225=ADVANCED_FACE('',(#1256,#1258),#1260,.F.);
#226=ADVANCED_FACE('',(#1265,#1267),#1269,.F.);
#227=ADVANCED_FACE('',(#1274,#1276),#1278,.F.);
#228=ADVANCED_FACE('',(#1283,#1285),#1287,.F.);
#229=ADVANCED_FACE('',(#1292,#1294),#1296,.F.);
#230=ADVANCED_FACE('',(#1301,#1303),#1305,.T.);
#231=ADVANCED_FACE('',(#1310,#1312),#1314,.T.);
#232=ADVANCED_FACE('',(#1319,#1321),#1323,.T.);
#233=ADVANCED_FACE('',(#1328,#1330),#1332,.T.);
#234=ADVANCED_FACE('',(#1337,#1339),#1341,.T.);
#235=ADVANCED_FACE('',(#1346,#1348),#1350,.T.);
#236=ADVANCED_FACE('',(#1355,#1357),#1359,.T.);
#237=ADVANCED_FACE('',(#1364,#1366),#1368,.T.);
#238=ADVANCED_FACE('',(#1373,#1375),#1377,.T.);
#239=ADVANCED_FACE('',(#1382,#1384),#1386,.T.);
#240=ADVANCED_FACE('',(#1391,#1393),#1395,.T.);
#241=ADVANCED_FACE('',(#1400,#1402),#1404,.T.);
#242=ADVANCED_FACE('',(#1409,#1411,#1413,#1415),#1417,.T.);
#243=ADVANCED_FACE('',(#1422,#1424,#1426,#1428),#1430,.T.);
#244=ADVANCED_FACE('',(#1435,#1437,#1439,#1441),#1443,.T.);
#245=ADVANCED_FACE('',(#1448,#1450,#1452,#1454),#1456,.T.);
#246=ADVANCED_FACE('',(#1461,#1463),#1465,.F.);
#247=ADVANCED_FACE('',(#1470,#1472),#1474,.F.);
#248=ADVANCED_FACE('',(#1479,#1481),#1483,.F.);
#249=ADVANCED_FACE('',(#1488,#1490),#1492,.F.);
#250=ADVANCED_FACE('',(#1497,#1499),#1501,.F.);
#251=ADVANCED_FACE('',(#1506,#1508),#1510,.F.);
#252=ADVANCED_FACE('',(#1515,#1517),#1519,.F.);
#253=ADVANCED_FACE('',(#1524,#1526),#1528,.F.);
#254=ADVANCED_FACE('',(#1533,#1535),#1537,.F.);
#255=ADVANCED_FACE('',(#1542,#1544),#1546,.F.);
#256=ADVANCED_FACE('',(#1551,#1553),#1555,.F.);
#257=ADVANCED_FACE('',(#1560,#1562),#1564,.F.);
#258=FACE_BOUND('',#259,.T.);
#259=EDGE_LOOP('',(#1569));
#260=FACE_BOUND('',#261,.T.);
#261=EDGE_LOOP('',(#1570,#1571,#1572,#1573));
#262=FACE_BOUND('',#263,.T.);
#263=EDGE_LOOP('',(#1574,#1575,#1576,#1577));
#264=FACE_BOUND('',#265,.T.);
#265=EDGE_LOOP('',(#1578,#1579,#1580,#1581));
#266=FACE_BOUND('',#267,.T.);
#267=EDGE_LOOP('',(#1582,#1583,#1584,#1585));
#268=FACE_BOUND('',#269,.T.);
#269=EDGE_LOOP('',(#1586,#1587,#1588,#1589));
#270=FACE_BOUND('',#271,.T.);
#271=EDGE_LOOP('',(#1590,#1591,#1592,#1593));
#272=FACE_BOUND('',#273,.T.);
#273=EDGE_LOOP('',(#1594,#1595,#1596,#1597));
#274=FACE_BOUND('',#275,.T.);
#275=EDGE_LOOP('',(#1598,#1599,#1600,#1601));
#276=FACE_BOUND('',#277,.T.);
#277=EDGE_LOOP('',(#1602,#1603,#1604,#1605));
#278=FACE_BOUND('',#279,.T.);
#279=EDGE_LOOP('',(#1606,#1607,#1608,#1609));
#280=FACE_BOUND('',#281,.T.);
#281=EDGE_LOOP('',(#1610,#1611,#1612,#1613));
#282=FACE_BOUND('',#283,.T.);
#283=EDGE_LOOP('',(#1614,#1615,#1616,#1617));
#284=FACE_BOUND('',#285,.T.);
#285=EDGE_LOOP('',(#1618,#1619,#1620,#1621));
#286=FACE_BOUND('',#287,.T.);
#287=EDGE_LOOP('',(#1622,#1623,#1624,#1625));
#288=FACE_BOUND('',#289,.T.);
#289=EDGE_LOOP('',(#1626,#1627,#1628,#1629));
#290=FACE_BOUND('',#291,.T.);
#291=EDGE_LOOP('',(#1630,#1631,#1632,#1633));
#292=FACE_BOUND('',#293,.T.);
#293=EDGE_LOOP('',(#1634,#1635,#1636,#1637));
#294=FACE_BOUND('',#295,.T.);
#295=EDGE_LOOP('',(#1638,#1639,#1640,#1641));
#296=FACE_BOUND('',#297,.T.);
#297=EDGE_LOOP('',(#1642,#1643,#1644,#1645));
#298=FACE_BOUND('',#299,.T.);
#299=EDGE_LOOP('',(#1646,#1647,#1648,#1649));
#300=FACE_BOUND('',#301,.T.);
#301=EDGE_LOOP('',(#1650,#1651,#1652,#1653));
#302=FACE_BOUND('',#303,.T.);
#303=EDGE_LOOP('',(#1654,#1655,#1656,#1657));
#304=FACE_BOUND('',#305,.T.);
#305=EDGE_LOOP('',(#1658,#1659,#1660,#1661));
#306=FACE_BOUND('',#307,.T.);
#307=EDGE_LOOP('',(#1662,#1663,#1664,#1665));
#308=FACE_BOUND('',#309,.T.);
#309=EDGE_LOOP('',(#1666));
#310=FACE_BOUND('',#311,.T.);
#311=EDGE_LOOP('',(#1667));
#312=FACE_BOUND('',#313,.T.);
#313=EDGE_LOOP('',(#1668));
#314=FACE_BOUND('',#315,.T.);
#315=EDGE_LOOP('',(#1669));
#316=FACE_BOUND('',#317,.T.);
#317=EDGE_LOOP('',(#1670));
#318=PLANE('',#319);
#319=AXIS2_PLACEMENT_3D('',#320,#321,#322);
#320=CARTESIAN_POINT('',(0.,18.,1.10218211923262E-15));
#321=DIRECTION('',(0.,1.,6.12323399573677E-17));
#322=DIRECTION('',(6.12323399573677E-17,6.12323399573677E-17,-1.));
#323=FACE_BOUND('',#324,.T.);
#324=EDGE_LOOP('',(#1671));
#325=FACE_BOUND('',#326,.T.);
#326=EDGE_LOOP('',(#1672,#1673,#1674,#1675));
#327=FACE_BOUND('',#328,.T.);
#328=EDGE_LOOP('',(#1676,#1677,#1678,#1679));
#329=FACE_BOUND('',#330,.T.);
#330=EDGE_LOOP('',(#1680,#1681,#1682,#1683));
#331=FACE_BOUND('',#332,.T.);
#332=EDGE_LOOP('',(#1684,#1685,#1686,#1687));
#333=FACE_BOUND('',#334,.T.);
#334=EDGE_LOOP('',(#1688,#1689,#1690,#1691));
#335=FACE_BOUND('',#336,.T.);
#336=EDGE_LOOP('',(#1692,#1693,#1694,#1695));
#337=FACE_BOUND('',#338,.T.);
#338=EDGE_LOOP('',(#1696,#1697,#1698,#1699));
#339=FACE_BOUND('',#340,.T.);
#340=EDGE_LOOP('',(#1700,#1701,#1702,#1703));
#341=FACE_BOUND('',#342,.T.);
#342=EDGE_LOOP('',(#1704,#1705,#1706,#1707));
#343=FACE_BOUND('',#344,.T.);
#344=EDGE_LOOP('',(#1708,#1709,#1710,#1711));
#345=FACE_BOUND('',#346,.T.);
#346=EDGE_LOOP('',(#1712,#1713,#1714,#1715));
#347=FACE_BOUND('',#348,.T.);
#348=EDGE_LOOP('',(#1716,#1717,#1718,#1719));
#349=FACE_BOUND('',#350,.T.);
#350=EDGE_LOOP('',(#1720,#1721,#1722,#1723));
#351=FACE_BOUND('',#352,.T.);
#352=EDGE_LOOP('',(#1724,#1725,#1726,#1727));
#353=FACE_BOUND('',#354,.T.);
#354=EDGE_LOOP('',(#1728,#1729,#1730,#1731));
#355=FACE_BOUND('',#356,.T.);
#356=EDGE_LOOP('',(#1732,#1733,#1734,#1735));
#357=FACE_BOUND('',#358,.T.);
#358=EDGE_LOOP('',(#1736,#1737,#1738,#1739));
#359=FACE_BOUND('',#360,.T.);
#360=EDGE_LOOP('',(#1740,#1741,#1742,#1743));
#361=FACE_BOUND('',#362,.T.);
#362=EDGE_LOOP('',(#1744,#1745,#1746,#1747));
#363=FACE_BOUND('',#364,.T.);
#364=EDGE_LOOP('',(#1748,#1749,#1750,#1751));
#365=FACE_BOUND('',#366,.T.);
#366=EDGE_LOOP('',(#1752,#1753,#1754,#1755));
#367=FACE_BOUND('',#368,.T.);
#368=EDGE_LOOP('',(#1756,#1757,#1758,#1759));
#369=FACE_BOUND('',#370,.T.);
#370=EDGE_LOOP('',(#1760,#1761,#1762,#1763));
#371=FACE_BOUND('',#372,.T.);
#372=EDGE_LOOP('',(#1764,#1765,#1766,#1767));
#373=FACE_BOUND('',#374,.T.);
#374=EDGE_LOOP('',(#1768));
#375=FACE_BOUND('',#376,.T.);
#376=EDGE_LOOP('',(#1769));
#377=FACE_BOUND('',#378,.T.);
#378=EDGE_LOOP('',(#1770));
#379=FACE_BOUND('',#380,.T.);
#380=EDGE_LOOP('',(#1771));
#381=FACE_BOUND('',#382,.T.);
#382=EDGE_LOOP('',(#1772));
#383=FACE_BOUND('',#384,.T.);
#384=EDGE_LOOP('',(#1773));
#385=FACE_BOUND('',#386,.T.);
#386=EDGE_LOOP('',(#1774));
#387=FACE_BOUND('',#388,.T.);
#388=EDGE_LOOP('',(#1775));
#389=FACE_BOUND('',#390,.T.);
#390=EDGE_LOOP('',(#1776));
#391=FACE_BOUND('',#392,.T.);
#392=EDGE_LOOP('',(#1777));
#393=FACE_BOUND('',#394,.T.);
#394=EDGE_LOOP('',(#1778));
#395=FACE_BOUND('',#396,.T.);
#396=EDGE_LOOP('',(#1779));
#397=FACE_BOUND('',#398,.T.);
#398=EDGE_LOOP('',(#1780));
#399=PLANE('',#400);
#400=AXIS2_PLACEMENT_3D('',#401,#402,#403);
#401=CARTESIAN_POINT('',(0.,6.,3.67394039744206E-16));
#402=DIRECTION('',(0.,-1.,-6.12323399573677E-17));
#403=DIRECTION('',(6.12323399573677E-17,-6.12323399573677E-17,1.));
#404=FACE_OUTER_BOUND('',#405,.T.);
#405=EDGE_LOOP('',(#1781));
#406=FACE_OUTER_BOUND('',#407,.T.);
#407=EDGE_LOOP('',(#1782));
#408=CYLINDRICAL_SURFACE('',#409,25.);
#409=AXIS2_PLACEMENT_3D('',#410,#411,#412);
#410=CARTESIAN_POINT('',(0.,-1.4210854715202E-14,-7.88860905221012E-31));
#411=DIRECTION('',(0.,1.,6.12323399573677E-17));
#412=DIRECTION('',(6.12323399573677E-17,-6.12323399573677E-17,1.));
#413=FACE_BOUND('',#414,.T.);
#414=EDGE_LOOP('',(#1783,#1784,#1785,#1786));
#415=PLANE('',#416);
#416=AXIS2_PLACEMENT_3D('',#417,#418,#419);
#417=CARTESIAN_POINT('',(-6.16088909972106,-1.63285054523862E-14,34.583861055425));
#418=DIRECTION('',(0.258819045102522,0.,-0.965925826289068));
#419=DIRECTION('',(-0.965925826289068,1.58480957571592E-17,-0.258819045102522));
#420=FACE_BOUND('',#421,.T.);
#421=EDGE_LOOP('',(#1787,#1788,#1789,#1790));
#422=PLANE('',#423);
#423=AXIS2_PLACEMENT_3D('',#424,#425,#426);
#424=CARTESIAN_POINT('',(-16.5136509038219,-1.86943413951435E-14,73.2208941069877));
#425=DIRECTION('',(0.965925826289068,0.,0.258819045102522));
#426=DIRECTION('',(0.258819045102522,5.91458985689335E-17,-0.965925826289068));
#427=FACE_BOUND('',#428,.T.);
#428=EDGE_LOOP('',(#1791,#1792,#1793,#1794));
#429=PLANE('',#430);
#430=AXIS2_PLACEMENT_3D('',#431,#432,#433);
#431=CARTESIAN_POINT('',(-22.3092058615563,-1.85992528206005E-14,71.6679798363726));
#432=DIRECTION('',(-0.258819045102522,7.70371977754894E-34,0.965925826289068));
#433=DIRECTION('',(0.965925826289068,-1.58480957571587E-17,0.258819045102522));
#434=FACE_BOUND('',#435,.T.);
#435=EDGE_LOOP('',(#1795,#1796,#1797,#1798));
#436=PLANE('',#437);
#437=AXIS2_PLACEMENT_3D('',#438,#439,#440);
#438=CARTESIAN_POINT('',(-11.9564440574555,-1.62334168778432E-14,33.0309467848098));
#439=DIRECTION('',(-0.965925826289068,0.,-0.258819045102522));
#440=DIRECTION('',(-0.258819045102522,-5.91458985689335E-17,0.965925826289068));
#441=FACE_BOUND('',#442,.T.);
#442=EDGE_LOOP('',(#1799,#1800,#1801,#1802));
#443=PLANE('',#444);
#444=AXIS2_PLACEMENT_3D('',#445,#446,#447);
#445=CARTESIAN_POINT('',(-14.9019237886467,-1.61587098929066E-14,31.8108891324554));
#446=DIRECTION('',(0.5,0.,-0.866025403784439));
#447=DIRECTION('',(-0.866025403784439,3.06161699786838E-17,-0.5));
#448=FACE_BOUND('',#449,.T.);
#449=EDGE_LOOP('',(#1803,#1804,#1805,#1806));
#450=PLANE('',#451);
#451=AXIS2_PLACEMENT_3D('',#452,#453,#454);
#452=CARTESIAN_POINT('',(-34.9019237886468,-1.82798603703565E-14,66.4519052838329));
#453=DIRECTION('',(0.866025403784438,0.,0.500000000000001));
#454=DIRECTION('',(0.500000000000001,5.30287619362453E-17,-0.866025403784438));
#455=FACE_BOUND('',#456,.T.);
#456=EDGE_LOOP('',(#1807,#1808,#1809,#1810));
#457=PLANE('',#458);
#458=AXIS2_PLACEMENT_3D('',#459,#460,#461);
#459=CARTESIAN_POINT('',(-40.0980762113534,-1.80961633504844E-14,63.4519052838329));
#460=DIRECTION('',(-0.500000000000001,3.08148791101958E-33,0.866025403784438));
#461=DIRECTION('',(0.866025403784438,-3.06161699786838E-17,0.500000000000001));
#462=FACE_BOUND('',#463,.T.);
#463=EDGE_LOOP('',(#1811,#1812,#1813,#1814));
#464=PLANE('',#465);
#465=AXIS2_PLACEMENT_3D('',#466,#467,#468);
#466=CARTESIAN_POINT('',(-20.0980762113534,-1.59750128730345E-14,28.8108891324554));
#467=DIRECTION('',(-0.866025403784438,6.16297582203915E-33,-0.500000000000001));
#468=DIRECTION('',(-0.500000000000001,-5.30287619362453E-17,0.866025403784438));
#469=FACE_BOUND('',#470,.T.);
#470=EDGE_LOOP('',(#1815,#1816,#1817,#1818));
#471=PLANE('',#472);
#472=AXIS2_PLACEMENT_3D('',#473,#474,#475);
#473=CARTESIAN_POINT('',(-22.6274169979696,-1.58561712220494E-14,26.8700576850888));
#474=DIRECTION('',(0.707106781186548,0.,-0.707106781186547));
#475=DIRECTION('',(-0.707106781186547,4.32978028117749E-17,-0.707106781186548));
#476=FACE_BOUND('',#477,.T.);
#477=EDGE_LOOP('',(#1819,#1820,#1821,#1822));
#478=PLANE('',#479);
#479=AXIS2_PLACEMENT_3D('',#480,#481,#482);
#480=CARTESIAN_POINT('',(-50.9116882454315,-1.75880833345204E-14,55.1543289325507));
#481=DIRECTION('',(0.707106781186547,0.,0.707106781186548));
#482=DIRECTION('',(0.707106781186548,4.32978028117746E-17,-0.707106781186547));
#483=FACE_BOUND('',#484,.T.);
#484=EDGE_LOOP('',(#1823,#1824,#1825,#1826));
#485=PLANE('',#486);
#486=AXIS2_PLACEMENT_3D('',#487,#488,#489);
#487=CARTESIAN_POINT('',(-55.1543289325508,-1.73282965176498E-14,50.9116882454314));
#488=DIRECTION('',(-0.707106781186548,0.,0.707106781186547));
#489=DIRECTION('',(0.707106781186547,-4.32978028117744E-17,0.707106781186548));
#490=FACE_BOUND('',#491,.T.);
#491=EDGE_LOOP('',(#1827,#1828,#1829,#1830));
#492=PLANE('',#493);
#493=AXIS2_PLACEMENT_3D('',#494,#495,#496);
#494=CARTESIAN_POINT('',(-26.8700576850888,-1.55963844051788E-14,22.6274169979695));
#495=DIRECTION('',(-0.707106781186547,-3.08148791101958E-33,-0.707106781186548));
#496=DIRECTION('',(-0.707106781186548,-4.32978028117746E-17,0.707106781186547));
#497=FACE_BOUND('',#498,.T.);
#498=EDGE_LOOP('',(#1831,#1832,#1833,#1834));
#499=PLANE('',#500);
#500=AXIS2_PLACEMENT_3D('',#501,#502,#503);
#501=CARTESIAN_POINT('',(-28.8108891324554,-1.54415069502647E-14,20.0980762113533));
#502=DIRECTION('',(0.866025403784439,0.,-0.499999999999999));
#503=DIRECTION('',(-0.499999999999999,5.30287619362454E-17,-0.866025403784439));
#504=FACE_BOUND('',#505,.T.);
#505=EDGE_LOOP('',(#1835,#1836,#1837,#1838));
#506=PLANE('',#507);
#507=AXIS2_PLACEMENT_3D('',#508,#509,#510);
#508=CARTESIAN_POINT('',(-63.451905283833,-1.6666153749412E-14,40.0980762113533));
#509=DIRECTION('',(0.5,-1.54074395550979E-33,0.866025403784439));
#510=DIRECTION('',(0.866025403784439,3.06161699786838E-17,-0.5));
#511=FACE_BOUND('',#512,.T.);
#512=EDGE_LOOP('',(#1839,#1840,#1841,#1842));
#513=PLANE('',#514);
#514=AXIS2_PLACEMENT_3D('',#515,#516,#517);
#515=CARTESIAN_POINT('',(-66.451905283833,-1.63479811777946E-14,34.9019237886467));
#516=DIRECTION('',(-0.866025403784439,-3.08148791101958E-33,0.499999999999999));
#517=DIRECTION('',(0.499999999999999,-5.30287619362458E-17,0.866025403784439));
#518=FACE_BOUND('',#519,.T.);
#519=EDGE_LOOP('',(#1843,#1844,#1845,#1846));
#520=PLANE('',#521);
#521=AXIS2_PLACEMENT_3D('',#522,#523,#524);
#522=CARTESIAN_POINT('',(-31.8108891324554,-1.51233343786472E-14,14.9019237886467));
#523=DIRECTION('',(-0.499999999999999,8.54650082837139E-17,-0.866025403784439));
#524=DIRECTION('',(-0.866025403784439,-3.06161699786838E-17,0.499999999999999));
#525=FACE_BOUND('',#526,.T.);
#526=EDGE_LOOP('',(#1847,#1848,#1849,#1850));
#527=PLANE('',#528);
#528=AXIS2_PLACEMENT_3D('',#529,#530,#531);
#529=CARTESIAN_POINT('',(-33.0309467848099,-1.49429757624094E-14,11.9564440574554));
#530=DIRECTION('',(0.965925826289068,2.55419433852724E-17,-0.25881904510252));
#531=DIRECTION('',(-0.25881904510252,5.91458985689336E-17,-0.965925826289068));
#532=FACE_BOUND('',#533,.T.);
#533=EDGE_LOOP('',(#1851,#1852,#1853,#1854));
#534=PLANE('',#535);
#535=AXIS2_PLACEMENT_3D('',#536,#537,#538);
#536=CARTESIAN_POINT('',(-71.6679798363726,-1.55768995926957E-14,22.3092058615562));
#537=DIRECTION('',(0.25881904510252,0.,0.965925826289068));
#538=DIRECTION('',(0.965925826289068,1.58480957571588E-17,-0.25881904510252));
#539=FACE_BOUND('',#540,.T.);
#540=EDGE_LOOP('',(#1855,#1856,#1857,#1858));
#541=PLANE('',#542);
#542=AXIS2_PLACEMENT_3D('',#543,#544,#545);
#543=CARTESIAN_POINT('',(-73.2208941069877,-1.52220242012821E-14,16.5136509038218));
#544=DIRECTION('',(-0.965925826289068,0.,0.258819045102522));
#545=DIRECTION('',(0.258819045102522,-5.91458985689336E-17,0.965925826289068));
#546=FACE_BOUND('',#547,.T.);
#547=EDGE_LOOP('',(#1859,#1860,#1861,#1862));
#548=PLANE('',#549);
#549=AXIS2_PLACEMENT_3D('',#550,#551,#552);
#550=CARTESIAN_POINT('',(-34.583861055425,-1.45881003709958E-14,6.160889099721));
#551=DIRECTION('',(-0.25881904510252,4.76619152189423E-17,-0.965925826289068));
#552=DIRECTION('',(-0.965925826289068,-1.58480957571588E-17,0.25881904510252));
#553=FACE_BOUND('',#554,.T.);
#554=EDGE_LOOP('',(#1863,#1864,#1865,#1866));
#555=PLANE('',#556);
#556=AXIS2_PLACEMENT_3D('',#557,#558,#559);
#557=CARTESIAN_POINT('',(-35.,-1.43945517350741E-14,2.99999999999998));
#558=DIRECTION('',(1.,0.,0.));
#559=DIRECTION('',(0.,6.12323399573678E-17,-1.));
#560=FACE_BOUND('',#561,.T.);
#561=EDGE_LOOP('',(#1867,#1868,#1869,#1870));
#562=PLANE('',#563);
#563=AXIS2_PLACEMENT_3D('',#564,#565,#566);
#564=CARTESIAN_POINT('',(-75.,-1.43945517350741E-14,2.99999999999995));
#565=DIRECTION('',(-6.10622663543836E-16,-4.93432455388958E-17,1.));
#566=DIRECTION('',(1.,-7.88860905221012E-32,6.10622663543836E-16));
#567=FACE_BOUND('',#568,.T.);
#568=EDGE_LOOP('',(#1871,#1872,#1873,#1874));
#569=PLANE('',#570);
#570=AXIS2_PLACEMENT_3D('',#571,#572,#573);
#571=CARTESIAN_POINT('',(-75.,-1.40271576953299E-14,-3.00000000000005));
#572=DIRECTION('',(-1.,0.,0.));
#573=DIRECTION('',(0.,-6.12323399573676E-17,1.));
#574=FACE_BOUND('',#575,.T.);
#575=EDGE_LOOP('',(#1875,#1876,#1877,#1878));
#576=PLANE('',#577);
#577=AXIS2_PLACEMENT_3D('',#578,#579,#580);
#578=CARTESIAN_POINT('',(-35.,-1.40271576953299E-14,-3.00000000000002));
#579=DIRECTION('',(6.10622663543836E-16,4.93432455388958E-17,-1.));
#580=DIRECTION('',(-1.,3.94430452610506E-32,-6.10622663543836E-16));
#581=FACE_BOUND('',#582,.T.);
#582=EDGE_LOOP('',(#1879,#1880,#1881,#1882));
#583=PLANE('',#584);
#584=AXIS2_PLACEMENT_3D('',#585,#586,#587);
#585=CARTESIAN_POINT('',(-34.583861055425,-1.38336090594082E-14,-6.16088909972105));
#586=DIRECTION('',(0.965925826289068,-1.27709716926363E-17,0.258819045102522));
#587=DIRECTION('',(0.258819045102522,5.91458985689336E-17,-0.965925826289068));
#588=FACE_BOUND('',#589,.T.);
#589=EDGE_LOOP('',(#1883,#1884,#1885,#1886));
#590=PLANE('',#591);
#591=AXIS2_PLACEMENT_3D('',#592,#593,#594);
#592=CARTESIAN_POINT('',(-73.2208941069877,-1.31996852291219E-14,-16.5136509038219));
#593=DIRECTION('',(-0.258819045102521,0.,0.965925826289068));
#594=DIRECTION('',(0.965925826289068,-1.58480957571589E-17,0.258819045102521));
#595=FACE_BOUND('',#596,.T.);
#596=EDGE_LOOP('',(#1887,#1888,#1889,#1890));
#597=PLANE('',#598);
#598=AXIS2_PLACEMENT_3D('',#599,#600,#601);
#599=CARTESIAN_POINT('',(-71.6679798363726,-1.28448098377083E-14,-22.3092058615563));
#600=DIRECTION('',(-0.965925826289068,0.,-0.258819045102522));
#601=DIRECTION('',(-0.258819045102522,-5.91458985689336E-17,0.965925826289068));
#602=FACE_BOUND('',#603,.T.);
#603=EDGE_LOOP('',(#1891,#1892,#1893,#1894));
#604=PLANE('',#605);
#605=AXIS2_PLACEMENT_3D('',#606,#607,#608);
#606=CARTESIAN_POINT('',(-33.0309467848098,-1.34787336679946E-14,-11.9564440574555));
#607=DIRECTION('',(0.258819045102521,9.53238304378846E-17,-0.965925826289068));
#608=DIRECTION('',(-0.965925826289068,1.58480957571589E-17,-0.258819045102521));
#609=FACE_BOUND('',#610,.T.);
#610=EDGE_LOOP('',(#1895,#1896,#1897,#1898));
#611=PLANE('',#612);
#612=AXIS2_PLACEMENT_3D('',#613,#614,#615);
#613=CARTESIAN_POINT('',(-31.8108891324554,-1.32983750517568E-14,-14.9019237886467));
#614=DIRECTION('',(0.866025403784439,-4.93432455388958E-17,0.5));
#615=DIRECTION('',(0.5,5.30287619362453E-17,-0.866025403784439));
#616=FACE_BOUND('',#617,.T.);
#617=EDGE_LOOP('',(#1899,#1900,#1901,#1902));
#618=PLANE('',#619);
#619=AXIS2_PLACEMENT_3D('',#620,#621,#622);
#620=CARTESIAN_POINT('',(-66.4519052838329,-1.20737282526095E-14,-34.9019237886467));
#621=DIRECTION('',(-0.5,0.,0.866025403784438));
#622=DIRECTION('',(0.866025403784438,-3.06161699786839E-17,0.5));
#623=FACE_BOUND('',#624,.T.);
#624=EDGE_LOOP('',(#1903,#1904,#1905,#1906));
#625=PLANE('',#626);
#626=AXIS2_PLACEMENT_3D('',#627,#628,#629);
#627=CARTESIAN_POINT('',(-63.4519052838329,-1.1755555680992E-14,-40.0980762113534));
#628=DIRECTION('',(-0.866025403784439,3.08148791101958E-33,-0.500000000000001));
#629=DIRECTION('',(-0.500000000000001,-5.30287619362454E-17,0.866025403784439));
#630=FACE_BOUND('',#631,.T.);
#631=EDGE_LOOP('',(#1907,#1908,#1909,#1910));
#632=PLANE('',#633);
#633=AXIS2_PLACEMENT_3D('',#634,#635,#636);
#634=CARTESIAN_POINT('',(-28.8108891324553,-1.29802024801393E-14,-20.0980762113533));
#635=DIRECTION('',(0.5,-1.54074395550979E-33,-0.866025403784439));
#636=DIRECTION('',(-0.866025403784439,3.06161699786839E-17,-0.5));
#637=FACE_BOUND('',#638,.T.);
#638=EDGE_LOOP('',(#1911,#1912,#1913,#1914));
#639=PLANE('',#640);
#640=AXIS2_PLACEMENT_3D('',#641,#642,#643);
#641=CARTESIAN_POINT('',(-26.8700576850888,-1.28253250252252E-14,-22.6274169979695));
#642=DIRECTION('',(0.707106781186547,3.08148791101958E-33,0.707106781186548));
#643=DIRECTION('',(0.707106781186548,4.32978028117746E-17,-0.707106781186547));
#644=FACE_BOUND('',#645,.T.);
#645=EDGE_LOOP('',(#1915,#1916,#1917,#1918));
#646=PLANE('',#647);
#647=AXIS2_PLACEMENT_3D('',#648,#649,#650);
#648=CARTESIAN_POINT('',(-55.1543289325507,-1.10934129127542E-14,-50.9116882454315));
#649=DIRECTION('',(-0.707106781186548,-3.08148791101958E-33,0.707106781186547));
#650=DIRECTION('',(0.707106781186547,-4.32978028117747E-17,0.707106781186548));
#651=FACE_BOUND('',#652,.T.);
#652=EDGE_LOOP('',(#1919,#1920,#1921,#1922));
#653=PLANE('',#654);
#654=AXIS2_PLACEMENT_3D('',#655,#656,#657);
#655=CARTESIAN_POINT('',(-50.9116882454314,-1.08336260958836E-14,-55.1543289325508));
#656=DIRECTION('',(-0.707106781186547,0.,-0.707106781186547));
#657=DIRECTION('',(-0.707106781186547,-4.32978028117747E-17,0.707106781186547));
#658=FACE_BOUND('',#659,.T.);
#659=EDGE_LOOP('',(#1923,#1924,#1925,#1926));
#660=PLANE('',#661);
#661=AXIS2_PLACEMENT_3D('',#662,#663,#664);
#662=CARTESIAN_POINT('',(-22.6274169979695,-1.25655382083546E-14,-26.8700576850888));
#663=DIRECTION('',(0.707106781186548,-3.08148791101958E-33,-0.707106781186547));
#664=DIRECTION('',(-0.707106781186547,4.32978028117747E-17,-0.707106781186548));
#665=FACE_BOUND('',#666,.T.);
#666=EDGE_LOOP('',(#1927,#1928,#1929,#1930));
#667=PLANE('',#668);
#668=AXIS2_PLACEMENT_3D('',#669,#670,#671);
#669=CARTESIAN_POINT('',(-20.0980762113533,-1.24466965573695E-14,-28.8108891324554));
#670=DIRECTION('',(0.5,1.54074395550979E-33,0.866025403784439));
#671=DIRECTION('',(0.866025403784439,3.06161699786841E-17,-0.5));
#672=FACE_BOUND('',#673,.T.);
#673=EDGE_LOOP('',(#1931,#1932,#1933,#1934));
#674=PLANE('',#675);
#675=AXIS2_PLACEMENT_3D('',#676,#677,#678);
#676=CARTESIAN_POINT('',(-40.0980762113533,-1.03255460799197E-14,-63.4519052838329));
#677=DIRECTION('',(-0.866025403784439,6.16297582203915E-33,0.5));
#678=DIRECTION('',(0.5,-5.30287619362454E-17,0.866025403784439));
#679=FACE_BOUND('',#680,.T.);
#680=EDGE_LOOP('',(#1935,#1936,#1937,#1938));
#681=PLANE('',#682);
#682=AXIS2_PLACEMENT_3D('',#683,#684,#685);
#683=CARTESIAN_POINT('',(-34.9019237886467,-1.01418490600475E-14,-66.4519052838329));
#684=DIRECTION('',(-0.5,0.,-0.866025403784439));
#685=DIRECTION('',(-0.866025403784439,-3.06161699786838E-17,0.5));
#686=FACE_BOUND('',#687,.T.);
#687=EDGE_LOOP('',(#1939,#1940,#1941,#1942));
#688=PLANE('',#689);
#689=AXIS2_PLACEMENT_3D('',#690,#691,#692);
#690=CARTESIAN_POINT('',(-14.9019237886467,-1.22629995374974E-14,-31.8108891324554));
#691=DIRECTION('',(0.866025403784439,-6.16297582203915E-33,-0.5));
#692=DIRECTION('',(-0.5,5.30287619362453E-17,-0.866025403784439));
#693=FACE_BOUND('',#694,.T.);
#694=EDGE_LOOP('',(#1943,#1944,#1945,#1946));
#695=PLANE('',#696);
#696=AXIS2_PLACEMENT_3D('',#697,#698,#699);
#697=CARTESIAN_POINT('',(-11.9564440574554,-1.21882925525608E-14,-33.0309467848098));
#698=DIRECTION('',(0.25881904510252,-7.70371977754894E-34,0.965925826289068));
#699=DIRECTION('',(0.965925826289068,1.5848095757159E-17,-0.25881904510252));
#700=FACE_BOUND('',#701,.T.);
#701=EDGE_LOOP('',(#1947,#1948,#1949,#1950));
#702=PLANE('',#703);
#703=AXIS2_PLACEMENT_3D('',#704,#705,#706);
#704=CARTESIAN_POINT('',(-22.3092058615562,-9.82245660980347E-15,-71.6679798363726));
#705=DIRECTION('',(-0.965925826289068,0.,0.25881904510252));
#706=DIRECTION('',(0.25881904510252,-5.91458985689335E-17,0.965925826289068));
#707=FACE_BOUND('',#708,.T.);
#708=EDGE_LOOP('',(#1951,#1952,#1953,#1954));
#709=PLANE('',#710);
#710=AXIS2_PLACEMENT_3D('',#711,#712,#713);
#711=CARTESIAN_POINT('',(-16.5136509038218,-9.72736803526051E-15,-73.2208941069877));
#712=DIRECTION('',(-0.258819045102522,-7.70371977754894E-34,-0.965925826289068));
#713=DIRECTION('',(-0.965925826289068,-1.58480957571587E-17,0.258819045102522));
#714=FACE_BOUND('',#715,.T.);
#715=EDGE_LOOP('',(#1955,#1956,#1957,#1958));
#716=PLANE('',#717);
#717=AXIS2_PLACEMENT_3D('',#718,#719,#720);
#718=CARTESIAN_POINT('',(-6.16088909972101,-1.20932039780179E-14,-34.583861055425));
#719=DIRECTION('',(0.965925826289068,-3.08148791101958E-33,-0.25881904510252));
#720=DIRECTION('',(-0.25881904510252,5.91458985689335E-17,-0.965925826289068));
#721=FACE_BOUND('',#722,.T.);
#722=EDGE_LOOP('',(#1959,#1960,#1961,#1962));
#723=PLANE('',#724);
#724=AXIS2_PLACEMENT_3D('',#725,#726,#727);
#725=CARTESIAN_POINT('',(-2.99999999999998,-1.20677228166941E-14,-35.));
#726=DIRECTION('',(0.,0.,1.));
#727=DIRECTION('',(1.,0.,0.));
#728=FACE_BOUND('',#729,.T.);
#729=EDGE_LOOP('',(#1963,#1964,#1965,#1966));
#730=PLANE('',#731);
#731=AXIS2_PLACEMENT_3D('',#732,#733,#734);
#732=CARTESIAN_POINT('',(-2.99999999999997,-9.61842921839943E-15,-75.));
#733=DIRECTION('',(-1.,0.,-4.21884749357559E-16));
#734=DIRECTION('',(-4.21884749357559E-16,-6.12323399573676E-17,1.));
#735=FACE_BOUND('',#736,.T.);
#736=EDGE_LOOP('',(#1967,#1968,#1969,#1970));
#737=PLANE('',#738);
#738=AXIS2_PLACEMENT_3D('',#739,#740,#741);
#739=CARTESIAN_POINT('',(3.00000000000003,-9.61842921839943E-15,-75.));
#740=DIRECTION('',(0.,0.,-1.));
#741=DIRECTION('',(-1.,0.,0.));
#742=FACE_BOUND('',#743,.T.);
#743=EDGE_LOOP('',(#1971,#1972,#1973,#1974));
#744=PLANE('',#745);
#745=AXIS2_PLACEMENT_3D('',#746,#747,#748);
#746=CARTESIAN_POINT('',(3.00000000000002,-1.20677228166941E-14,-35.));
#747=DIRECTION('',(1.,0.,4.21884749357559E-16));
#748=DIRECTION('',(4.21884749357559E-16,6.12323399573676E-17,-1.));
#749=FACE_BOUND('',#750,.T.);
#750=EDGE_LOOP('',(#1975,#1976,#1977,#1978));
#751=PLANE('',#752);
#752=AXIS2_PLACEMENT_3D('',#753,#754,#755);
#753=CARTESIAN_POINT('',(6.16088909972104,-1.20932039780179E-14,-34.5838610554249));
#754=DIRECTION('',(-0.258819045102521,7.70371977754894E-34,0.965925826289068));
#755=DIRECTION('',(0.965925826289068,-1.5848095757159E-17,0.258819045102521));
#756=FACE_BOUND('',#757,.T.);
#757=EDGE_LOOP('',(#1979,#1980,#1981,#1982));
#758=PLANE('',#759);
#759=AXIS2_PLACEMENT_3D('',#760,#761,#762);
#760=CARTESIAN_POINT('',(16.5136509038219,-9.72736803526051E-15,-73.2208941069877));
#761=DIRECTION('',(-0.965925826289068,-3.08148791101958E-33,-0.258819045102521));
#762=DIRECTION('',(-0.258819045102521,-5.91458985689335E-17,0.965925826289068));
#763=FACE_BOUND('',#764,.T.);
#764=EDGE_LOOP('',(#1983,#1984,#1985,#1986));
#765=PLANE('',#766);
#766=AXIS2_PLACEMENT_3D('',#767,#768,#769);
#767=CARTESIAN_POINT('',(22.3092058615563,-9.82245660980347E-15,-71.6679798363726));
#768=DIRECTION('',(0.258819045102522,0.,-0.965925826289068));
#769=DIRECTION('',(-0.965925826289068,1.58480957571592E-17,-0.258819045102522));
#770=FACE_BOUND('',#771,.T.);
#771=EDGE_LOOP('',(#1987,#1988,#1989,#1990));
#772=PLANE('',#773);
#773=AXIS2_PLACEMENT_3D('',#774,#775,#776);
#774=CARTESIAN_POINT('',(11.9564440574554,-1.21882925525608E-14,-33.0309467848098));
#775=DIRECTION('',(0.965925826289068,0.,0.258819045102521));
#776=DIRECTION('',(0.258819045102521,5.91458985689335E-17,-0.965925826289068));
#777=FACE_BOUND('',#778,.T.);
#778=EDGE_LOOP('',(#1991,#1992,#1993,#1994));
#779=PLANE('',#780);
#780=AXIS2_PLACEMENT_3D('',#781,#782,#783);
#781=CARTESIAN_POINT('',(14.9019237886467,-1.22629995374974E-14,-31.8108891324554));
#782=DIRECTION('',(-0.500000000000001,0.,0.866025403784438));
#783=DIRECTION('',(0.866025403784438,-3.0616169978684E-17,0.500000000000001));
#784=FACE_BOUND('',#785,.T.);
#785=EDGE_LOOP('',(#1995,#1996,#1997,#1998));
#786=PLANE('',#787);
#787=AXIS2_PLACEMENT_3D('',#788,#789,#790);
#788=CARTESIAN_POINT('',(34.9019237886467,-1.01418490600476E-14,-66.4519052838329));
#789=DIRECTION('',(-0.866025403784438,0.,-0.5));
#790=DIRECTION('',(-0.5,-5.30287619362453E-17,0.866025403784438));
#791=FACE_BOUND('',#792,.T.);
#792=EDGE_LOOP('',(#1999,#2000,#2001,#2002));
#793=PLANE('',#794);
#794=AXIS2_PLACEMENT_3D('',#795,#796,#797);
#795=CARTESIAN_POINT('',(40.0980762113533,-1.03255460799197E-14,-63.4519052838329));
#796=DIRECTION('',(0.500000000000001,-1.54074395550979E-33,-0.866025403784439));
#797=DIRECTION('',(-0.866025403784439,3.06161699786838E-17,-0.500000000000001));
#798=FACE_BOUND('',#799,.T.);
#799=EDGE_LOOP('',(#2003,#2004,#2005,#2006));
#800=PLANE('',#801);
#801=AXIS2_PLACEMENT_3D('',#802,#803,#804);
#802=CARTESIAN_POINT('',(20.0980762113533,-1.24466965573695E-14,-28.8108891324553));
#803=DIRECTION('',(0.866025403784439,0.,0.5));
#804=DIRECTION('',(0.5,5.30287619362453E-17,-0.866025403784439));
#805=FACE_BOUND('',#806,.T.);
#806=EDGE_LOOP('',(#2007,#2008,#2009,#2010));
#807=PLANE('',#808);
#808=AXIS2_PLACEMENT_3D('',#809,#810,#811);
#809=CARTESIAN_POINT('',(22.6274169979695,-1.25655382083546E-14,-26.8700576850888));
#810=DIRECTION('',(-0.707106781186548,-3.08148791101958E-33,0.707106781186547));
#811=DIRECTION('',(0.707106781186547,-4.32978028117749E-17,0.707106781186548));
#812=FACE_BOUND('',#813,.T.);
#813=EDGE_LOOP('',(#2011,#2012,#2013,#2014));
#814=PLANE('',#815);
#815=AXIS2_PLACEMENT_3D('',#816,#817,#818);
#816=CARTESIAN_POINT('',(50.9116882454315,-1.08336260958836E-14,-55.1543289325507));
#817=DIRECTION('',(-0.707106781186547,3.08148791101958E-33,-0.707106781186548));
#818=DIRECTION('',(-0.707106781186548,-4.32978028117746E-17,0.707106781186547));
#819=FACE_BOUND('',#820,.T.);
#820=EDGE_LOOP('',(#2015,#2016,#2017,#2018));
#821=PLANE('',#822);
#822=AXIS2_PLACEMENT_3D('',#823,#824,#825);
#823=CARTESIAN_POINT('',(55.1543289325507,-1.10934129127542E-14,-50.9116882454314));
#824=DIRECTION('',(0.707106781186547,0.,-0.707106781186547));
#825=DIRECTION('',(-0.707106781186547,4.32978028117744E-17,-0.707106781186547));
#826=FACE_BOUND('',#827,.T.);
#827=EDGE_LOOP('',(#2019,#2020,#2021,#2022));
#828=PLANE('',#829);
#829=AXIS2_PLACEMENT_3D('',#830,#831,#832);
#830=CARTESIAN_POINT('',(26.8700576850888,-1.28253250252252E-14,-22.6274169979695));
#831=DIRECTION('',(0.707106781186547,3.08148791101958E-33,0.707106781186548));
#832=DIRECTION('',(0.707106781186548,4.32978028117747E-17,-0.707106781186547));
#833=FACE_BOUND('',#834,.T.);
#834=EDGE_LOOP('',(#2023,#2024,#2025,#2026));
#835=PLANE('',#836);
#836=AXIS2_PLACEMENT_3D('',#837,#838,#839);
#837=CARTESIAN_POINT('',(28.8108891324554,-1.29802024801393E-14,-20.0980762113533));
#838=DIRECTION('',(-0.866025403784439,-3.08148791101958E-33,0.5));
#839=DIRECTION('',(0.5,-5.30287619362451E-17,0.866025403784439));
#840=FACE_BOUND('',#841,.T.);
#841=EDGE_LOOP('',(#2027,#2028,#2029,#2030));
#842=PLANE('',#843);
#843=AXIS2_PLACEMENT_3D('',#844,#845,#846);
#844=CARTESIAN_POINT('',(63.4519052838329,-1.1755555680992E-14,-40.0980762113533));
#845=DIRECTION('',(-0.5,0.,-0.866025403784439));
#846=DIRECTION('',(-0.866025403784439,-3.06161699786839E-17,0.5));
#847=FACE_BOUND('',#848,.T.);
#848=EDGE_LOOP('',(#2031,#2032,#2033,#2034));
#849=PLANE('',#850);
#850=AXIS2_PLACEMENT_3D('',#851,#852,#853);
#851=CARTESIAN_POINT('',(66.4519052838329,-1.20737282526095E-14,-34.9019237886467));
#852=DIRECTION('',(0.866025403784439,0.,-0.5));
#853=DIRECTION('',(-0.5,5.30287619362454E-17,-0.866025403784439));
#854=FACE_BOUND('',#855,.T.);
#855=EDGE_LOOP('',(#2035,#2036,#2037,#2038));
#856=PLANE('',#857);
#857=AXIS2_PLACEMENT_3D('',#858,#859,#860);
#858=CARTESIAN_POINT('',(31.8108891324554,-1.32983750517568E-14,-14.9019237886467));
#859=DIRECTION('',(0.5,-8.54650082837139E-17,0.866025403784439));
#860=DIRECTION('',(0.866025403784439,3.06161699786838E-17,-0.5));
#861=FACE_BOUND('',#862,.T.);
#862=EDGE_LOOP('',(#2039,#2040,#2041,#2042));
#863=PLANE('',#864);
#864=AXIS2_PLACEMENT_3D('',#865,#866,#867);
#865=CARTESIAN_POINT('',(33.0309467848098,-1.34787336679946E-14,-11.9564440574554));
#866=DIRECTION('',(-0.965925826289068,-2.55419433852724E-17,0.25881904510252));
#867=DIRECTION('',(0.25881904510252,-5.91458985689336E-17,0.965925826289068));
#868=FACE_BOUND('',#869,.T.);
#869=EDGE_LOOP('',(#2043,#2044,#2045,#2046));
#870=PLANE('',#871);
#871=AXIS2_PLACEMENT_3D('',#872,#873,#874);
#872=CARTESIAN_POINT('',(71.6679798363726,-1.28448098377083E-14,-22.3092058615562));
#873=DIRECTION('',(-0.258819045102521,0.,-0.965925826289068));
#874=DIRECTION('',(-0.965925826289068,-1.58480957571588E-17,0.258819045102521));
#875=FACE_BOUND('',#876,.T.);
#876=EDGE_LOOP('',(#2047,#2048,#2049,#2050));
#877=PLANE('',#878);
#878=AXIS2_PLACEMENT_3D('',#879,#880,#881);
#879=CARTESIAN_POINT('',(73.2208941069877,-1.31996852291219E-14,-16.5136509038218));
#880=DIRECTION('',(0.965925826289068,0.,-0.258819045102522));
#881=DIRECTION('',(-0.258819045102522,5.91458985689333E-17,-0.965925826289068));
#882=FACE_BOUND('',#883,.T.);
#883=EDGE_LOOP('',(#2051,#2052,#2053,#2054));
#884=PLANE('',#885);
#885=AXIS2_PLACEMENT_3D('',#886,#887,#888);
#886=CARTESIAN_POINT('',(34.583861055425,-1.38336090594082E-14,-6.16088909972101));
#887=DIRECTION('',(0.25881904510252,-4.76619152189423E-17,0.965925826289068));
#888=DIRECTION('',(0.965925826289068,1.58480957571588E-17,-0.25881904510252));
#889=FACE_BOUND('',#890,.T.);
#890=EDGE_LOOP('',(#2055,#2056,#2057,#2058));
#891=PLANE('',#892);
#892=AXIS2_PLACEMENT_3D('',#893,#894,#895);
#893=CARTESIAN_POINT('',(35.,-1.40271576953299E-14,-2.99999999999999));
#894=DIRECTION('',(-1.,0.,0.));
#895=DIRECTION('',(0.,-6.12323399573676E-17,1.));
#896=FACE_BOUND('',#897,.T.);
#897=EDGE_LOOP('',(#2059,#2060,#2061,#2062));
#898=PLANE('',#899);
#899=AXIS2_PLACEMENT_3D('',#900,#901,#902);
#900=CARTESIAN_POINT('',(75.,-1.40271576953299E-14,-2.99999999999998));
#901=DIRECTION('',(1.66533453693773E-16,4.93432455388958E-17,-1.));
#902=DIRECTION('',(-1.,3.94430452610506E-32,-1.66533453693773E-16));
#903=FACE_BOUND('',#904,.T.);
#904=EDGE_LOOP('',(#2063,#2064,#2065,#2066));
#905=PLANE('',#906);
#906=AXIS2_PLACEMENT_3D('',#907,#908,#909);
#907=CARTESIAN_POINT('',(75.,-1.43945517350741E-14,3.00000000000001));
#908=DIRECTION('',(1.,0.,0.));
#909=DIRECTION('',(0.,6.12323399573673E-17,-1.));
#910=FACE_BOUND('',#911,.T.);
#911=EDGE_LOOP('',(#2067,#2068,#2069,#2070));
#912=PLANE('',#913);
#913=AXIS2_PLACEMENT_3D('',#914,#915,#916);
#914=CARTESIAN_POINT('',(35.,-1.43945517350741E-14,3.00000000000001));
#915=DIRECTION('',(-1.66533453693773E-16,-4.93432455388958E-17,1.));
#916=DIRECTION('',(1.,0.,1.66533453693773E-16));
#917=FACE_BOUND('',#918,.T.);
#918=EDGE_LOOP('',(#2071,#2072,#2073,#2074));
#919=PLANE('',#920);
#920=AXIS2_PLACEMENT_3D('',#921,#922,#923);
#921=CARTESIAN_POINT('',(34.5838610554249,-1.45881003709958E-14,6.16088909972103));
#922=DIRECTION('',(-0.965925826289068,1.27709716926362E-17,-0.258819045102521));
#923=DIRECTION('',(-0.258819045102521,-5.91458985689331E-17,0.965925826289068));
#924=FACE_BOUND('',#925,.T.);
#925=EDGE_LOOP('',(#2075,#2076,#2077,#2078));
#926=PLANE('',#927);
#927=AXIS2_PLACEMENT_3D('',#928,#929,#930);
#928=CARTESIAN_POINT('',(73.2208941069877,-1.52220242012821E-14,16.5136509038219));
#929=DIRECTION('',(0.258819045102521,-7.70371977754894E-34,-0.965925826289068));
#930=DIRECTION('',(-0.965925826289068,1.58480957571588E-17,-0.258819045102521));
#931=FACE_BOUND('',#932,.T.);
#932=EDGE_LOOP('',(#2079,#2080,#2081,#2082));
#933=PLANE('',#934);
#934=AXIS2_PLACEMENT_3D('',#935,#936,#937);
#935=CARTESIAN_POINT('',(71.6679798363726,-1.55768995926957E-14,22.3092058615563));
#936=DIRECTION('',(0.965925826289068,0.,0.258819045102522));
#937=DIRECTION('',(0.258819045102522,5.91458985689336E-17,-0.965925826289068));
#938=FACE_BOUND('',#939,.T.);
#939=EDGE_LOOP('',(#2083,#2084,#2085,#2086));
#940=PLANE('',#941);
#941=AXIS2_PLACEMENT_3D('',#942,#943,#944);
#942=CARTESIAN_POINT('',(33.0309467848098,-1.49429757624094E-14,11.9564440574554));
#943=DIRECTION('',(-0.258819045102521,-9.53238304378846E-17,0.965925826289068));
#944=DIRECTION('',(0.965925826289068,-1.58480957571589E-17,0.258819045102521));
#945=FACE_BOUND('',#946,.T.);
#946=EDGE_LOOP('',(#2087,#2088,#2089,#2090));
#947=PLANE('',#948);
#948=AXIS2_PLACEMENT_3D('',#949,#950,#951);
#949=CARTESIAN_POINT('',(31.8108891324554,-1.51233343786472E-14,14.9019237886467));
#950=DIRECTION('',(-0.866025403784439,4.93432455388958E-17,-0.5));
#951=DIRECTION('',(-0.5,-5.30287619362454E-17,0.866025403784439));
#952=FACE_BOUND('',#953,.T.);
#953=EDGE_LOOP('',(#2091,#2092,#2093,#2094));
#954=PLANE('',#955);
#955=AXIS2_PLACEMENT_3D('',#956,#957,#958);
#956=CARTESIAN_POINT('',(66.4519052838329,-1.63479811777946E-14,34.9019237886467));
#957=DIRECTION('',(0.5,0.,-0.866025403784439));
#958=DIRECTION('',(-0.866025403784439,3.06161699786838E-17,-0.5));
#959=FACE_BOUND('',#960,.T.);
#960=EDGE_LOOP('',(#2095,#2096,#2097,#2098));
#961=PLANE('',#962);
#962=AXIS2_PLACEMENT_3D('',#963,#964,#965);
#963=CARTESIAN_POINT('',(63.4519052838329,-1.6666153749412E-14,40.0980762113533));
#964=DIRECTION('',(0.866025403784439,-3.08148791101958E-33,0.500000000000001));
#965=DIRECTION('',(0.500000000000001,5.30287619362454E-17,-0.866025403784439));
#966=FACE_BOUND('',#967,.T.);
#967=EDGE_LOOP('',(#2099,#2100,#2101,#2102));
#968=PLANE('',#969);
#969=AXIS2_PLACEMENT_3D('',#970,#971,#972);
#970=CARTESIAN_POINT('',(28.8108891324554,-1.54415069502647E-14,20.0980762113533));
#971=DIRECTION('',(-0.5,0.,0.866025403784439));
#972=DIRECTION('',(0.866025403784439,-3.06161699786838E-17,0.5));
#973=FACE_BOUND('',#974,.T.);
#974=EDGE_LOOP('',(#2103,#2104,#2105,#2106));
#975=PLANE('',#976);
#976=AXIS2_PLACEMENT_3D('',#977,#978,#979);
#977=CARTESIAN_POINT('',(26.8700576850888,-1.55963844051788E-14,22.6274169979695));
#978=DIRECTION('',(-0.707106781186547,0.,-0.707106781186547));
#979=DIRECTION('',(-0.707106781186547,-4.32978028117744E-17,0.707106781186547));
#980=FACE_BOUND('',#981,.T.);
#981=EDGE_LOOP('',(#2107,#2108,#2109,#2110));
#982=PLANE('',#983);
#983=AXIS2_PLACEMENT_3D('',#984,#985,#986);
#984=CARTESIAN_POINT('',(55.1543289325507,-1.73282965176498E-14,50.9116882454314));
#985=DIRECTION('',(0.707106781186548,0.,-0.707106781186547));
#986=DIRECTION('',(-0.707106781186547,4.32978028117746E-17,-0.707106781186548));
#987=FACE_BOUND('',#988,.T.);
#988=EDGE_LOOP('',(#2111,#2112,#2113,#2114));
#989=PLANE('',#990);
#990=AXIS2_PLACEMENT_3D('',#991,#992,#993);
#991=CARTESIAN_POINT('',(50.9116882454314,-1.75880833345204E-14,55.1543289325507));
#992=DIRECTION('',(0.707106781186547,0.,0.707106781186547));
#993=DIRECTION('',(0.707106781186547,4.32978028117749E-17,-0.707106781186547));
#994=FACE_BOUND('',#995,.T.);
#995=EDGE_LOOP('',(#2115,#2116,#2117,#2118));
#996=PLANE('',#997);
#997=AXIS2_PLACEMENT_3D('',#998,#999,#1000);
#998=CARTESIAN_POINT('',(22.6274169979695,-1.58561712220494E-14,26.8700576850888));
#999=DIRECTION('',(-0.707106781186548,3.08148791101958E-33,0.707106781186547));
#1000=DIRECTION('',(0.707106781186547,-4.32978028117747E-17,0.707106781186548));
#1001=FACE_BOUND('',#1002,.T.);
#1002=EDGE_LOOP('',(#2119,#2120,#2121,#2122));
#1003=PLANE('',#1004);
#1004=AXIS2_PLACEMENT_3D('',#1005,#1006,#1007);
#1005=CARTESIAN_POINT('',(20.0980762113533,-1.59750128730345E-14,28.8108891324554));
#1006=DIRECTION('',(-0.5,0.,-0.866025403784439));
#1007=DIRECTION('',(-0.866025403784439,-3.06161699786838E-17,0.5));
#1008=FACE_BOUND('',#1009,.T.);
#1009=EDGE_LOOP('',(#2123,#2124,#2125,#2126));
#1010=PLANE('',#1011);
#1011=AXIS2_PLACEMENT_3D('',#1012,#1013,#1014);
#1012=CARTESIAN_POINT('',(40.0980762113533,-1.80961633504844E-14,63.4519052838329));
#1013=DIRECTION('',(0.866025403784439,0.,-0.5));
#1014=DIRECTION('',(-0.5,5.30287619362453E-17,-0.866025403784439));
#1015=FACE_BOUND('',#1016,.T.);
#1016=EDGE_LOOP('',(#2127,#2128,#2129,#2130));
#1017=PLANE('',#1018);
#1018=AXIS2_PLACEMENT_3D('',#1019,#1020,#1021);
#1019=CARTESIAN_POINT('',(34.9019237886467,-1.82798603703565E-14,66.4519052838329));
#1020=DIRECTION('',(0.500000000000001,1.54074395550979E-33,0.866025403784439));
#1021=DIRECTION('',(0.866025403784439,3.06161699786838E-17,-0.500000000000001));
#1022=FACE_BOUND('',#1023,.T.);
#1023=EDGE_LOOP('',(#2131,#2132,#2133,#2134));
#1024=PLANE('',#1025);
#1025=AXIS2_PLACEMENT_3D('',#1026,#1027,#1028);
#1026=CARTESIAN_POINT('',(14.9019237886467,-1.61587098929066E-14,31.8108891324554));
#1027=DIRECTION('',(-0.866025403784439,0.,0.5));
#1028=DIRECTION('',(0.5,-5.30287619362453E-17,0.866025403784439));
#1029=FACE_BOUND('',#1030,.T.);
#1030=EDGE_LOOP('',(#2135,#2136,#2137,#2138));
#1031=PLANE('',#1032);
#1032=AXIS2_PLACEMENT_3D('',#1033,#1034,#1035);
#1033=CARTESIAN_POINT('',(11.9564440574554,-1.62334168778432E-14,33.0309467848098));
#1034=DIRECTION('',(-0.25881904510252,0.,-0.965925826289068));
#1035=DIRECTION('',(-0.965925826289068,-1.58480957571592E-17,0.25881904510252));
#1036=FACE_BOUND('',#1037,.T.);
#1037=EDGE_LOOP('',(#2139,#2140,#2141,#2142));
#1038=PLANE('',#1039);
#1039=AXIS2_PLACEMENT_3D('',#1040,#1041,#1042);
#1040=CARTESIAN_POINT('',(22.3092058615563,-1.85992528206005E-14,71.6679798363726));
#1041=DIRECTION('',(0.965925826289068,0.,-0.258819045102521));
#1042=DIRECTION('',(-0.258819045102521,5.91458985689335E-17,-0.965925826289068));
#1043=FACE_BOUND('',#1044,.T.);
#1044=EDGE_LOOP('',(#2143,#2144,#2145,#2146));
#1045=PLANE('',#1046);
#1046=AXIS2_PLACEMENT_3D('',#1047,#1048,#1049);
#1047=CARTESIAN_POINT('',(16.5136509038219,-1.86943413951435E-14,73.2208941069877));
#1048=DIRECTION('',(0.258819045102522,0.,0.965925826289068));
#1049=DIRECTION('',(0.965925826289068,1.58480957571592E-17,-0.258819045102522));
#1050=FACE_BOUND('',#1051,.T.);
#1051=EDGE_LOOP('',(#2147,#2148,#2149,#2150));
#1052=PLANE('',#1053);
#1053=AXIS2_PLACEMENT_3D('',#1054,#1055,#1056);
#1054=CARTESIAN_POINT('',(6.16088909972102,-1.63285054523862E-14,34.5838610554249));
#1055=DIRECTION('',(-0.965925826289068,3.08148791101958E-33,0.258819045102521));
#1056=DIRECTION('',(0.258819045102521,-5.91458985689335E-17,0.965925826289068));
#1057=FACE_BOUND('',#1058,.T.);
#1058=EDGE_LOOP('',(#2151,#2152,#2153,#2154));
#1059=PLANE('',#1060);
#1060=AXIS2_PLACEMENT_3D('',#1061,#1062,#1063);
#1061=CARTESIAN_POINT('',(3.,-1.63539866137099E-14,35.));
#1062=DIRECTION('',(0.,0.,-1.));
#1063=DIRECTION('',(-1.,0.,0.));
#1064=FACE_BOUND('',#1065,.T.);
#1065=EDGE_LOOP('',(#2155,#2156,#2157,#2158));
#1066=PLANE('',#1067);
#1067=AXIS2_PLACEMENT_3D('',#1068,#1069,#1070);
#1068=CARTESIAN_POINT('',(3.,-1.88032802120046E-14,75.));
#1069=DIRECTION('',(1.,0.,-5.55111512312578E-17));
#1070=DIRECTION('',(-5.55111512312578E-17,6.12323399573677E-17,-1.));
#1071=FACE_BOUND('',#1072,.T.);
#1072=EDGE_LOOP('',(#2159,#2160,#2161,#2162));
#1073=PLANE('',#1074);
#1074=AXIS2_PLACEMENT_3D('',#1075,#1076,#1077);
#1075=CARTESIAN_POINT('',(-3.,-1.88032802120046E-14,75.));
#1076=DIRECTION('',(0.,0.,1.));
#1077=DIRECTION('',(1.,0.,0.));
#1078=FACE_BOUND('',#1079,.T.);
#1079=EDGE_LOOP('',(#2163,#2164,#2165,#2166));
#1080=PLANE('',#1081);
#1081=AXIS2_PLACEMENT_3D('',#1082,#1083,#1084);
#1082=CARTESIAN_POINT('',(-3.,-1.63539866137099E-14,35.));
#1083=DIRECTION('',(-1.,0.,5.55111512312578E-17));
#1084=DIRECTION('',(5.55111512312578E-17,-6.12323399573677E-17,1.));
#1085=FACE_OUTER_BOUND('',#1086,.T.);
#1086=EDGE_LOOP('',(#2167));
#1087=FACE_OUTER_BOUND('',#1088,.T.);
#1088=EDGE_LOOP('',(#2168));
#1089=TOROIDAL_SURFACE('',#1090,227.,3.);
#1090=AXIS2_PLACEMENT_3D('',#1091,#1092,#1093);
#1091=CARTESIAN_POINT('',(0.,15.,9.18485099360515E-16));
#1092=DIRECTION('',(0.,1.,6.12323399573677E-17));
#1093=DIRECTION('',(6.12323399573677E-17,6.12323399573677E-17,-1.));
#1094=FACE_OUTER_BOUND('',#1095,.T.);
#1095=EDGE_LOOP('',(#2169));
#1096=FACE_OUTER_BOUND('',#1097,.T.);
#1097=EDGE_LOOP('',(#2170));
#1098=TOROIDAL_SURFACE('',#1099,43.,3.);
#1099=AXIS2_PLACEMENT_3D('',#1100,#1101,#1102);
#1100=CARTESIAN_POINT('',(180.,15.,4.50057698686652E-14));
#1101=DIRECTION('',(0.,1.,6.12323399573677E-17));
#1102=DIRECTION('',(0.,6.12323399573677E-17,-1.));
#1103=FACE_OUTER_BOUND('',#1104,.T.);
#1104=EDGE_LOOP('',(#2171));
#1105=FACE_OUTER_BOUND('',#1106,.T.);
#1106=EDGE_LOOP('',(#2172));
#1107=TOROIDAL_SURFACE('',#1108,43.,3.);
#1108=AXIS2_PLACEMENT_3D('',#1109,#1110,#1111);
#1109=CARTESIAN_POINT('',(-180.,15.,-2.11251572852918E-14));
#1110=DIRECTION('',(0.,1.,6.12323399573677E-17));
#1111=DIRECTION('',(0.,6.12323399573677E-17,-1.));
#1112=FACE_OUTER_BOUND('',#1113,.T.);
#1113=EDGE_LOOP('',(#2173));
#1114=FACE_OUTER_BOUND('',#1115,.T.);
#1115=EDGE_LOOP('',(#2174));
#1116=TOROIDAL_SURFACE('',#1117,43.,3.);
#1117=AXIS2_PLACEMENT_3D('',#1118,#1119,#1120);
#1118=CARTESIAN_POINT('',(1.10218211923262E-14,15.,-180.));
#1119=DIRECTION('',(0.,1.,6.12323399573677E-17));
#1120=DIRECTION('',(6.12323399573677E-17,6.12323399573677E-17,-1.));
#1121=FACE_OUTER_BOUND('',#1122,.T.);
#1122=EDGE_LOOP('',(#2175));
#1123=FACE_OUTER_BOUND('',#1124,.T.);
#1124=EDGE_LOOP('',(#2176));
#1125=TOROIDAL_SURFACE('',#1126,43.,3.);
#1126=AXIS2_PLACEMENT_3D('',#1127,#1128,#1129);
#1127=CARTESIAN_POINT('',(-3.30654635769785E-14,15.,180.));
#1128=DIRECTION('',(0.,1.,6.12323399573677E-17));
#1129=DIRECTION('',(6.12323399573677E-17,6.12323399573677E-17,-1.));
#1130=FACE_OUTER_BOUND('',#1131,.T.);
#1131=EDGE_LOOP('',(#2177));
#1132=FACE_OUTER_BOUND('',#1133,.T.);
#1133=EDGE_LOOP('',(#2178));
#1134=CYLINDRICAL_SURFACE('',#1135,210.);
#1135=AXIS2_PLACEMENT_3D('',#1136,#1137,#1138);
#1136=CARTESIAN_POINT('',(0.,6.,3.67394039744206E-16));
#1137=DIRECTION('',(0.,-1.,-6.12323399573676E-17));
#1138=DIRECTION('',(6.12323399573677E-17,-6.12323399573677E-17,1.));
#1139=FACE_OUTER_BOUND('',#1140,.T.);
#1140=EDGE_LOOP('',(#2179));
#1141=FACE_OUTER_BOUND('',#1142,.T.);
#1142=EDGE_LOOP('',(#2180));
#1143=CYLINDRICAL_SURFACE('',#1144,1.5);
#1144=AXIS2_PLACEMENT_3D('',#1145,#1146,#1147);
#1145=CARTESIAN_POINT('',(12.9999999999998,-2.52326759075282E-14,180.));
#1146=DIRECTION('',(0.,1.,6.12323399573677E-17));
#1147=DIRECTION('',(-6.12323399573676E-17,6.12323399573676E-17,-1.));
#1148=FACE_OUTER_BOUND('',#1149,.T.);
#1149=EDGE_LOOP('',(#2181));
#1150=FACE_OUTER_BOUND('',#1151,.T.);
#1151=EDGE_LOOP('',(#2182));
#1152=CYLINDRICAL_SURFACE('',#1153,1.5);
#1153=AXIS2_PLACEMENT_3D('',#1154,#1155,#1156);
#1154=CARTESIAN_POINT('',(-2.45500923993159E-13,-2.52326759075282E-14,180.));
#1155=DIRECTION('',(0.,1.,6.12323399573677E-17));
#1156=DIRECTION('',(6.12323399573591E-17,6.12323399573676E-17,-1.));
#1157=FACE_OUTER_BOUND('',#1158,.T.);
#1158=EDGE_LOOP('',(#2183));
#1159=FACE_OUTER_BOUND('',#1160,.T.);
#1160=EDGE_LOOP('',(#2184));
#1161=CYLINDRICAL_SURFACE('',#1162,1.5);
#1162=AXIS2_PLACEMENT_3D('',#1163,#1164,#1165);
#1163=CARTESIAN_POINT('',(-2.43908883154268E-13,-2.36406350686366E-14,154.));
#1164=DIRECTION('',(0.,1.,6.12323399573677E-17));
#1165=DIRECTION('',(6.12323399573591E-17,6.12323399573676E-17,-1.));
#1166=FACE_OUTER_BOUND('',#1167,.T.);
#1167=EDGE_LOOP('',(#2185));
#1168=FACE_OUTER_BOUND('',#1169,.T.);
#1169=EDGE_LOOP('',(#2186));
#1170=CYLINDRICAL_SURFACE('',#1171,1.5);
#1171=AXIS2_PLACEMENT_3D('',#1172,#1173,#1174);
#1172=CARTESIAN_POINT('',(-180.,-1.50068751346478E-14,12.9999999999998));
#1173=DIRECTION('',(0.,1.,6.12323399573677E-17));
#1174=DIRECTION('',(1.,3.74939945665464E-33,-6.12323399573676E-17));
#1175=FACE_OUTER_BOUND('',#1176,.T.);
#1176=EDGE_LOOP('',(#2187));
#1177=FACE_OUTER_BOUND('',#1178,.T.);
#1178=EDGE_LOOP('',(#2188));
#1179=CYLINDRICAL_SURFACE('',#1180,1.5);
#1180=AXIS2_PLACEMENT_3D('',#1181,#1182,#1183);
#1181=CARTESIAN_POINT('',(180.,-1.4210854715202E-14,2.56522745185485E-13));
#1182=DIRECTION('',(0.,1.,6.12323399573677E-17));
#1183=DIRECTION('',(-1.,7.49879891330953E-33,-1.22464679914739E-16));
#1184=FACE_OUTER_BOUND('',#1185,.T.);
#1185=EDGE_LOOP('',(#2189));
#1186=FACE_OUTER_BOUND('',#1187,.T.);
#1187=EDGE_LOOP('',(#2190));
#1188=CYLINDRICAL_SURFACE('',#1189,1.5);
#1189=AXIS2_PLACEMENT_3D('',#1190,#1191,#1192);
#1190=CARTESIAN_POINT('',(154.,-1.4210854715202E-14,2.53338663507702E-13));
#1191=DIRECTION('',(0.,1.,6.12323399573677E-17));
#1192=DIRECTION('',(-1.,7.49879891330953E-33,-1.22464679914739E-16));
#1193=FACE_OUTER_BOUND('',#1194,.T.);
#1194=EDGE_LOOP('',(#2191));
#1195=FACE_OUTER_BOUND('',#1196,.T.);
#1196=EDGE_LOOP('',(#2192));
#1197=CYLINDRICAL_SURFACE('',#1198,1.5);
#1198=AXIS2_PLACEMENT_3D('',#1199,#1200,#1201);
#1199=CARTESIAN_POINT('',(-154.,-1.4210854715202E-14,-2.34479102800833E-13));
#1200=DIRECTION('',(0.,1.,6.12323399573677E-17));
#1201=DIRECTION('',(1.,-7.67829140298661E-46,1.25396014725757E-29));
#1202=FACE_OUTER_BOUND('',#1203,.T.);
#1203=EDGE_LOOP('',(#2193));
#1204=FACE_OUTER_BOUND('',#1205,.T.);
#1205=EDGE_LOOP('',(#2194));
#1206=CYLINDRICAL_SURFACE('',#1207,1.5);
#1207=AXIS2_PLACEMENT_3D('',#1208,#1209,#1210);
#1208=CARTESIAN_POINT('',(-180.,-1.4210854715202E-14,-2.34479102800833E-13));
#1209=DIRECTION('',(0.,1.,6.12323399573677E-17));
#1210=DIRECTION('',(1.,-7.67829140298661E-46,1.25396014725757E-29));
#1211=FACE_OUTER_BOUND('',#1212,.T.);
#1212=EDGE_LOOP('',(#2195));
#1213=FACE_OUTER_BOUND('',#1214,.T.);
#1214=EDGE_LOOP('',(#2196));
#1215=CYLINDRICAL_SURFACE('',#1216,1.5);
#1216=AXIS2_PLACEMENT_3D('',#1217,#1218,#1219);
#1217=CARTESIAN_POINT('',(180.,-1.34148342957562E-14,-12.9999999999997));
#1218=DIRECTION('',(0.,1.,6.12323399573677E-17));
#1219=DIRECTION('',(-1.,-3.74939945665464E-33,6.12323399573676E-17));
#1220=FACE_OUTER_BOUND('',#1221,.T.);
#1221=EDGE_LOOP('',(#2197));
#1222=FACE_OUTER_BOUND('',#1223,.T.);
#1223=EDGE_LOOP('',(#2198));
#1224=CYLINDRICAL_SURFACE('',#1225,1.5);
#1225=AXIS2_PLACEMENT_3D('',#1226,#1227,#1228);
#1226=CARTESIAN_POINT('',(2.25049322447398E-13,-4.78107436176736E-15,-154.));
#1227=DIRECTION('',(0.,1.,6.12323399573677E-17));
#1228=DIRECTION('',(6.12323399573676E-17,-6.12323399573676E-17,1.));
#1229=FACE_OUTER_BOUND('',#1230,.T.);
#1230=EDGE_LOOP('',(#2199));
#1231=FACE_OUTER_BOUND('',#1232,.T.);
#1232=EDGE_LOOP('',(#2200));
#1233=CYLINDRICAL_SURFACE('',#1234,1.5);
#1234=AXIS2_PLACEMENT_3D('',#1235,#1236,#1237);
#1235=CARTESIAN_POINT('',(2.23457281608507E-13,-3.1890335228758E-15,-180.));
#1236=DIRECTION('',(0.,1.,6.12323399573677E-17));
#1237=DIRECTION('',(6.12323399573676E-17,-6.12323399573676E-17,1.));
#1238=FACE_OUTER_BOUND('',#1239,.T.);
#1239=EDGE_LOOP('',(#2201));
#1240=FACE_OUTER_BOUND('',#1241,.T.);
#1241=EDGE_LOOP('',(#2202));
#1242=CYLINDRICAL_SURFACE('',#1243,1.5);
#1243=AXIS2_PLACEMENT_3D('',#1244,#1245,#1246);
#1244=CARTESIAN_POINT('',(-12.9999999999998,-3.1890335228758E-15,-180.));
#1245=DIRECTION('',(0.,1.,6.12323399573677E-17));
#1246=DIRECTION('',(6.12323399573676E-17,-6.12323399573676E-17,1.));
#1247=FACE_OUTER_BOUND('',#1248,.T.);
#1248=EDGE_LOOP('',(#2203));
#1249=FACE_OUTER_BOUND('',#1250,.T.);
#1250=EDGE_LOOP('',(#2204));
#1251=CYLINDRICAL_SURFACE('',#1252,230.);
#1252=AXIS2_PLACEMENT_3D('',#1253,#1254,#1255);
#1253=CARTESIAN_POINT('',(0.,0.,0.));
#1254=DIRECTION('',(0.,1.,6.12323399573677E-17));
#1255=DIRECTION('',(6.12323399573677E-17,6.12323399573677E-17,-1.));
#1256=FACE_OUTER_BOUND('',#1257,.T.);
#1257=EDGE_LOOP('',(#2205));
#1258=FACE_OUTER_BOUND('',#1259,.T.);
#1259=EDGE_LOOP('',(#2206));
#1260=CYLINDRICAL_SURFACE('',#1261,40.);
#1261=AXIS2_PLACEMENT_3D('',#1262,#1263,#1264);
#1262=CARTESIAN_POINT('',(180.,12.,4.48220728487931E-14));
#1263=DIRECTION('',(0.,1.,6.12323399573676E-17));
#1264=DIRECTION('',(6.12323399573677E-17,6.12323399573677E-17,-1.));
#1265=FACE_OUTER_BOUND('',#1266,.T.);
#1266=EDGE_LOOP('',(#2207));
#1267=FACE_OUTER_BOUND('',#1268,.T.);
#1268=EDGE_LOOP('',(#2208));
#1269=CYLINDRICAL_SURFACE('',#1270,40.);
#1270=AXIS2_PLACEMENT_3D('',#1271,#1272,#1273);
#1271=CARTESIAN_POINT('',(-180.,12.,-2.13088543051639E-14));
#1272=DIRECTION('',(0.,1.,6.12323399573676E-17));
#1273=DIRECTION('',(6.12323399573677E-17,6.12323399573677E-17,-1.));
#1274=FACE_OUTER_BOUND('',#1275,.T.);
#1275=EDGE_LOOP('',(#2209));
#1276=FACE_OUTER_BOUND('',#1277,.T.);
#1277=EDGE_LOOP('',(#2210));
#1278=CYLINDRICAL_SURFACE('',#1279,40.);
#1279=AXIS2_PLACEMENT_3D('',#1280,#1281,#1282);
#1280=CARTESIAN_POINT('',(1.10218211923262E-14,12.,-180.));
#1281=DIRECTION('',(0.,1.,6.12323399573676E-17));
#1282=DIRECTION('',(6.12323399573677E-17,6.12323399573677E-17,-1.));
#1283=FACE_OUTER_BOUND('',#1284,.T.);
#1284=EDGE_LOOP('',(#2211));
#1285=FACE_OUTER_BOUND('',#1286,.T.);
#1286=EDGE_LOOP('',(#2212));
#1287=CYLINDRICAL_SURFACE('',#1288,40.);
#1288=AXIS2_PLACEMENT_3D('',#1289,#1290,#1291);
#1289=CARTESIAN_POINT('',(-3.30654635769785E-14,12.,180.));
#1290=DIRECTION('',(0.,1.,6.12323399573676E-17));
#1291=DIRECTION('',(6.12323399573677E-17,6.12323399573677E-17,-1.));
#1292=FACE_BOUND('',#1293,.T.);
#1293=EDGE_LOOP('',(#2213));
#1294=FACE_BOUND('',#1295,.T.);
#1295=EDGE_LOOP('',(#2214));
#1296=PLANE('',#1297);
#1297=AXIS2_PLACEMENT_3D('',#1298,#1299,#1300);
#1298=CARTESIAN_POINT('',(0.,0.,0.));
#1299=DIRECTION('',(0.,1.,6.12323399573677E-17));
#1300=DIRECTION('',(6.12323399573677E-17,6.12323399573677E-17,-1.));
#1301=FACE_BOUND('',#1302,.T.);
#1302=EDGE_LOOP('',(#2215));
#1303=FACE_BOUND('',#1304,.T.);
#1304=EDGE_LOOP('',(#2216));
#1305=PLANE('',#1306);
#1306=AXIS2_PLACEMENT_3D('',#1307,#1308,#1309);
#1307=CARTESIAN_POINT('',(5.47382212626882E-48,7.,4.28626379701574E-16));
#1308=DIRECTION('',(0.,1.,6.12323399573677E-17));
#1309=DIRECTION('',(6.12323399573677E-17,-6.12323399573677E-17,1.));
#1310=FACE_BOUND('',#1311,.T.);
#1311=EDGE_LOOP('',(#2217));
#1312=FACE_BOUND('',#1313,.T.);
#1313=EDGE_LOOP('',(#2218));
#1314=PLANE('',#1315);
#1315=AXIS2_PLACEMENT_3D('',#1316,#1317,#1318);
#1316=CARTESIAN_POINT('',(5.47382212626882E-48,7.,4.28626379701574E-16));
#1317=DIRECTION('',(0.,1.,6.12323399573677E-17));
#1318=DIRECTION('',(6.12323399573677E-17,-6.12323399573677E-17,1.));
#1319=FACE_BOUND('',#1320,.T.);
#1320=EDGE_LOOP('',(#2219));
#1321=FACE_BOUND('',#1322,.T.);
#1322=EDGE_LOOP('',(#2220));
#1323=PLANE('',#1324);
#1324=AXIS2_PLACEMENT_3D('',#1325,#1326,#1327);
#1325=CARTESIAN_POINT('',(5.47382212626882E-48,7.,4.28626379701574E-16));
#1326=DIRECTION('',(0.,1.,6.12323399573677E-17));
#1327=DIRECTION('',(6.12323399573677E-17,-6.12323399573677E-17,1.));
#1328=FACE_BOUND('',#1329,.T.);
#1329=EDGE_LOOP('',(#2221));
#1330=FACE_BOUND('',#1331,.T.);
#1331=EDGE_LOOP('',(#2222));
#1332=PLANE('',#1333);
#1333=AXIS2_PLACEMENT_3D('',#1334,#1335,#1336);
#1334=CARTESIAN_POINT('',(5.47382212626882E-48,7.,4.28626379701574E-16));
#1335=DIRECTION('',(0.,1.,6.12323399573677E-17));
#1336=DIRECTION('',(6.12323399573677E-17,-6.12323399573677E-17,1.));
#1337=FACE_BOUND('',#1338,.T.);
#1338=EDGE_LOOP('',(#2223));
#1339=FACE_BOUND('',#1340,.T.);
#1340=EDGE_LOOP('',(#2224));
#1341=PLANE('',#1342);
#1342=AXIS2_PLACEMENT_3D('',#1343,#1344,#1345);
#1343=CARTESIAN_POINT('',(5.47382212626882E-48,7.,4.28626379701574E-16));
#1344=DIRECTION('',(0.,1.,6.12323399573677E-17));
#1345=DIRECTION('',(6.12323399573677E-17,-6.12323399573677E-17,1.));
#1346=FACE_BOUND('',#1347,.T.);
#1347=EDGE_LOOP('',(#2225));
#1348=FACE_BOUND('',#1349,.T.);
#1349=EDGE_LOOP('',(#2226));
#1350=PLANE('',#1351);
#1351=AXIS2_PLACEMENT_3D('',#1352,#1353,#1354);
#1352=CARTESIAN_POINT('',(5.47382212626882E-48,7.,4.28626379701574E-16));
#1353=DIRECTION('',(0.,1.,6.12323399573677E-17));
#1354=DIRECTION('',(6.12323399573677E-17,-6.12323399573677E-17,1.));
#1355=FACE_BOUND('',#1356,.T.);
#1356=EDGE_LOOP('',(#2227));
#1357=FACE_BOUND('',#1358,.T.);
#1358=EDGE_LOOP('',(#2228));
#1359=PLANE('',#1360);
#1360=AXIS2_PLACEMENT_3D('',#1361,#1362,#1363);
#1361=CARTESIAN_POINT('',(5.47382212626882E-48,7.,4.28626379701574E-16));
#1362=DIRECTION('',(0.,1.,6.12323399573677E-17));
#1363=DIRECTION('',(6.12323399573677E-17,-6.12323399573677E-17,1.));
#1364=FACE_BOUND('',#1365,.T.);
#1365=EDGE_LOOP('',(#2229));
#1366=FACE_BOUND('',#1367,.T.);
#1367=EDGE_LOOP('',(#2230));
#1368=PLANE('',#1369);
#1369=AXIS2_PLACEMENT_3D('',#1370,#1371,#1372);
#1370=CARTESIAN_POINT('',(5.47382212626882E-48,7.,4.28626379701574E-16));
#1371=DIRECTION('',(0.,1.,6.12323399573677E-17));
#1372=DIRECTION('',(6.12323399573677E-17,-6.12323399573677E-17,1.));
#1373=FACE_BOUND('',#1374,.T.);
#1374=EDGE_LOOP('',(#2231));
#1375=FACE_BOUND('',#1376,.T.);
#1376=EDGE_LOOP('',(#2232));
#1377=PLANE('',#1378);
#1378=AXIS2_PLACEMENT_3D('',#1379,#1380,#1381);
#1379=CARTESIAN_POINT('',(5.47382212626882E-48,7.,4.28626379701574E-16));
#1380=DIRECTION('',(0.,1.,6.12323399573677E-17));
#1381=DIRECTION('',(6.12323399573677E-17,-6.12323399573677E-17,1.));
#1382=FACE_BOUND('',#1383,.T.);
#1383=EDGE_LOOP('',(#2233));
#1384=FACE_BOUND('',#1385,.T.);
#1385=EDGE_LOOP('',(#2234));
#1386=PLANE('',#1387);
#1387=AXIS2_PLACEMENT_3D('',#1388,#1389,#1390);
#1388=CARTESIAN_POINT('',(2.25233019467271E-13,8.00000000000001,-151.));
#1389=DIRECTION('',(6.84227765783602E-49,1.,6.12323399573677E-17));
#1390=DIRECTION('',(1.,3.74939945665464E-33,-6.12323399573676E-17));
#1391=FACE_BOUND('',#1392,.T.);
#1392=EDGE_LOOP('',(#2235));
#1393=FACE_BOUND('',#1394,.T.);
#1394=EDGE_LOOP('',(#2236));
#1395=PLANE('',#1396);
#1396=AXIS2_PLACEMENT_3D('',#1397,#1398,#1399);
#1397=CARTESIAN_POINT('',(2.23640978628379E-13,8.00000000000001,-177.));
#1398=DIRECTION('',(6.84227765783602E-49,1.,6.12323399573677E-17));
#1399=DIRECTION('',(1.,3.74939945665464E-33,-6.12323399573676E-17));
#1400=FACE_BOUND('',#1401,.T.);
#1401=EDGE_LOOP('',(#2237));
#1402=FACE_BOUND('',#1403,.T.);
#1403=EDGE_LOOP('',(#2238));
#1404=PLANE('',#1405);
#1405=AXIS2_PLACEMENT_3D('',#1406,#1407,#1408);
#1406=CARTESIAN_POINT('',(-12.9999999999998,8.00000000000001,-177.));
#1407=DIRECTION('',(6.84227765783602E-49,1.,6.12323399573677E-17));
#1408=DIRECTION('',(1.,3.74939945665464E-33,-6.12323399573676E-17));
#1409=FACE_BOUND('',#1410,.T.);
#1410=EDGE_LOOP('',(#2239));
#1411=FACE_BOUND('',#1412,.T.);
#1412=EDGE_LOOP('',(#2240));
#1413=FACE_BOUND('',#1414,.T.);
#1414=EDGE_LOOP('',(#2241));
#1415=FACE_BOUND('',#1416,.T.);
#1416=EDGE_LOOP('',(#2242));
#1417=PLANE('',#1418);
#1418=AXIS2_PLACEMENT_3D('',#1419,#1420,#1421);
#1419=CARTESIAN_POINT('',(0.,12.,7.34788079488412E-16));
#1420=DIRECTION('',(0.,1.,6.12323399573677E-17));
#1421=DIRECTION('',(6.12323399573677E-17,6.12323399573677E-17,-1.));
#1422=FACE_BOUND('',#1423,.T.);
#1423=EDGE_LOOP('',(#2243));
#1424=FACE_BOUND('',#1425,.T.);
#1425=EDGE_LOOP('',(#2244));
#1426=FACE_BOUND('',#1427,.T.);
#1427=EDGE_LOOP('',(#2245));
#1428=FACE_BOUND('',#1429,.T.);
#1429=EDGE_LOOP('',(#2246));
#1430=PLANE('',#1431);
#1431=AXIS2_PLACEMENT_3D('',#1432,#1433,#1434);
#1432=CARTESIAN_POINT('',(0.,12.,7.34788079488412E-16));
#1433=DIRECTION('',(0.,1.,6.12323399573677E-17));
#1434=DIRECTION('',(6.12323399573677E-17,6.12323399573677E-17,-1.));
#1435=FACE_BOUND('',#1436,.T.);
#1436=EDGE_LOOP('',(#2247));
#1437=FACE_BOUND('',#1438,.T.);
#1438=EDGE_LOOP('',(#2248));
#1439=FACE_BOUND('',#1440,.T.);
#1440=EDGE_LOOP('',(#2249));
#1441=FACE_BOUND('',#1442,.T.);
#1442=EDGE_LOOP('',(#2250));
#1443=PLANE('',#1444);
#1444=AXIS2_PLACEMENT_3D('',#1445,#1446,#1447);
#1445=CARTESIAN_POINT('',(0.,12.,7.34788079488412E-16));
#1446=DIRECTION('',(0.,1.,6.12323399573677E-17));
#1447=DIRECTION('',(6.12323399573677E-17,6.12323399573677E-17,-1.));
#1448=FACE_BOUND('',#1449,.T.);
#1449=EDGE_LOOP('',(#2251));
#1450=FACE_BOUND('',#1451,.T.);
#1451=EDGE_LOOP('',(#2252));
#1452=FACE_BOUND('',#1453,.T.);
#1453=EDGE_LOOP('',(#2253));
#1454=FACE_BOUND('',#1455,.T.);
#1455=EDGE_LOOP('',(#2254));
#1456=PLANE('',#1457);
#1457=AXIS2_PLACEMENT_3D('',#1458,#1459,#1460);
#1458=CARTESIAN_POINT('',(0.,12.,7.34788079488412E-16));
#1459=DIRECTION('',(0.,1.,6.12323399573677E-17));
#1460=DIRECTION('',(6.12323399573677E-17,6.12323399573677E-17,-1.));
#1461=FACE_OUTER_BOUND('',#1462,.T.);
#1462=EDGE_LOOP('',(#2255));
#1463=FACE_OUTER_BOUND('',#1464,.T.);
#1464=EDGE_LOOP('',(#2256));
#1465=CYLINDRICAL_SURFACE('',#1466,3.);
#1466=AXIS2_PLACEMENT_3D('',#1467,#1468,#1469);
#1467=CARTESIAN_POINT('',(12.9999999999998,6.99999999999999,180.));
#1468=DIRECTION('',(0.,1.,6.12323399573677E-17));
#1469=DIRECTION('',(-6.12323399573676E-17,6.12323399573676E-17,-1.));
#1470=FACE_OUTER_BOUND('',#1471,.T.);
#1471=EDGE_LOOP('',(#2257));
#1472=FACE_OUTER_BOUND('',#1473,.T.);
#1473=EDGE_LOOP('',(#2258));
#1474=CYLINDRICAL_SURFACE('',#1475,3.);
#1475=AXIS2_PLACEMENT_3D('',#1476,#1477,#1478);
#1476=CARTESIAN_POINT('',(-2.45500923993159E-13,6.99999999999999,180.));
#1477=DIRECTION('',(0.,1.,6.12323399573677E-17));
#1478=DIRECTION('',(6.12323399573759E-17,6.12323399573676E-17,-1.));
#1479=FACE_OUTER_BOUND('',#1480,.T.);
#1480=EDGE_LOOP('',(#2259));
#1481=FACE_OUTER_BOUND('',#1482,.T.);
#1482=EDGE_LOOP('',(#2260));
#1483=CYLINDRICAL_SURFACE('',#1484,3.);
#1484=AXIS2_PLACEMENT_3D('',#1485,#1486,#1487);
#1485=CARTESIAN_POINT('',(-2.43908883154268E-13,6.99999999999999,154.));
#1486=DIRECTION('',(0.,1.,6.12323399573677E-17));
#1487=DIRECTION('',(6.12323399573759E-17,6.12323399573676E-17,-1.));
#1488=FACE_OUTER_BOUND('',#1489,.T.);
#1489=EDGE_LOOP('',(#2261));
#1490=FACE_OUTER_BOUND('',#1491,.T.);
#1491=EDGE_LOOP('',(#2262));
#1492=CYLINDRICAL_SURFACE('',#1493,3.);
#1493=AXIS2_PLACEMENT_3D('',#1494,#1495,#1496);
#1494=CARTESIAN_POINT('',(-180.,7.,12.9999999999998));
#1495=DIRECTION('',(0.,1.,6.12323399573677E-17));
#1496=DIRECTION('',(1.,3.74939945665464E-33,-6.12323399573676E-17));
#1497=FACE_OUTER_BOUND('',#1498,.T.);
#1498=EDGE_LOOP('',(#2263));
#1499=FACE_OUTER_BOUND('',#1500,.T.);
#1500=EDGE_LOOP('',(#2264));
#1501=CYLINDRICAL_SURFACE('',#1502,3.);
#1502=AXIS2_PLACEMENT_3D('',#1503,#1504,#1505);
#1503=CARTESIAN_POINT('',(180.,7.,2.56951371565187E-13));
#1504=DIRECTION('',(0.,1.,6.12323399573677E-17));
#1505=DIRECTION('',(-1.,7.49879891330953E-33,-1.22464679914739E-16));
#1506=FACE_OUTER_BOUND('',#1507,.T.);
#1507=EDGE_LOOP('',(#2265));
#1508=FACE_OUTER_BOUND('',#1509,.T.);
#1509=EDGE_LOOP('',(#2266));
#1510=CYLINDRICAL_SURFACE('',#1511,3.);
#1511=AXIS2_PLACEMENT_3D('',#1512,#1513,#1514);
#1512=CARTESIAN_POINT('',(154.,7.,2.53767289887404E-13));
#1513=DIRECTION('',(0.,1.,6.12323399573677E-17));
#1514=DIRECTION('',(-1.,7.49879891330953E-33,-1.22464679914739E-16));
#1515=FACE_OUTER_BOUND('',#1516,.T.);
#1516=EDGE_LOOP('',(#2267));
#1517=FACE_OUTER_BOUND('',#1518,.T.);
#1518=EDGE_LOOP('',(#2268));
#1519=CYLINDRICAL_SURFACE('',#1520,3.);
#1520=AXIS2_PLACEMENT_3D('',#1521,#1522,#1523);
#1521=CARTESIAN_POINT('',(-154.,7.,-2.34050476421131E-13));
#1522=DIRECTION('',(0.,1.,6.12323399573677E-17));
#1523=DIRECTION('',(1.,2.62651907756161E-46,-4.28943117213925E-30));
#1524=FACE_OUTER_BOUND('',#1525,.T.);
#1525=EDGE_LOOP('',(#2269));
#1526=FACE_OUTER_BOUND('',#1527,.T.);
#1527=EDGE_LOOP('',(#2270));
#1528=CYLINDRICAL_SURFACE('',#1529,3.);
#1529=AXIS2_PLACEMENT_3D('',#1530,#1531,#1532);
#1530=CARTESIAN_POINT('',(-180.,7.,-2.34050476421131E-13));
#1531=DIRECTION('',(0.,1.,6.12323399573677E-17));
#1532=DIRECTION('',(1.,2.62651907756161E-46,-4.28943117213925E-30));
#1533=FACE_OUTER_BOUND('',#1534,.T.);
#1534=EDGE_LOOP('',(#2271));
#1535=FACE_OUTER_BOUND('',#1536,.T.);
#1536=EDGE_LOOP('',(#2272));
#1537=CYLINDRICAL_SURFACE('',#1538,3.);
#1538=AXIS2_PLACEMENT_3D('',#1539,#1540,#1541);
#1539=CARTESIAN_POINT('',(180.,7.,-12.9999999999997));
#1540=DIRECTION('',(0.,1.,6.12323399573677E-17));
#1541=DIRECTION('',(-1.,-3.74939945665464E-33,6.12323399573676E-17));
#1542=FACE_OUTER_BOUND('',#1543,.T.);
#1543=EDGE_LOOP('',(#2273));
#1544=FACE_OUTER_BOUND('',#1545,.T.);
#1545=EDGE_LOOP('',(#2274));
#1546=CYLINDRICAL_SURFACE('',#1547,3.);
#1547=AXIS2_PLACEMENT_3D('',#1548,#1549,#1550);
#1548=CARTESIAN_POINT('',(2.25049322447398E-13,8.00000000000001,-154.));
#1549=DIRECTION('',(0.,1.,0.));
#1550=DIRECTION('',(6.12323399573676E-17,0.,1.));
#1551=FACE_OUTER_BOUND('',#1552,.T.);
#1552=EDGE_LOOP('',(#2275));
#1553=FACE_OUTER_BOUND('',#1554,.T.);
#1554=EDGE_LOOP('',(#2276));
#1555=CYLINDRICAL_SURFACE('',#1556,3.);
#1556=AXIS2_PLACEMENT_3D('',#1557,#1558,#1559);
#1557=CARTESIAN_POINT('',(2.23457281608507E-13,8.00000000000001,-180.));
#1558=DIRECTION('',(0.,1.,0.));
#1559=DIRECTION('',(6.12323399573676E-17,0.,1.));
#1560=FACE_OUTER_BOUND('',#1561,.T.);
#1561=EDGE_LOOP('',(#2277));
#1562=FACE_OUTER_BOUND('',#1563,.T.);
#1563=EDGE_LOOP('',(#2278));
#1564=CYLINDRICAL_SURFACE('',#1565,3.);
#1565=AXIS2_PLACEMENT_3D('',#1566,#1567,#1568);
#1566=CARTESIAN_POINT('',(-12.9999999999998,8.00000000000001,-180.));
#1567=DIRECTION('',(0.,1.,0.));
#1568=DIRECTION('',(6.12323399573676E-17,0.,1.));
#1569=ORIENTED_EDGE('',*,*,#2279,.T.);
#1570=ORIENTED_EDGE('',*,*,#2280,.T.);
#1571=ORIENTED_EDGE('',*,*,#2281,.T.);
#1572=ORIENTED_EDGE('',*,*,#2282,.T.);
#1573=ORIENTED_EDGE('',*,*,#2283,.T.);
#1574=ORIENTED_EDGE('',*,*,#2284,.T.);
#1575=ORIENTED_EDGE('',*,*,#2285,.T.);
#1576=ORIENTED_EDGE('',*,*,#2286,.T.);
#1577=ORIENTED_EDGE('',*,*,#2287,.T.);
#1578=ORIENTED_EDGE('',*,*,#2288,.T.);
#1579=ORIENTED_EDGE('',*,*,#2289,.T.);
#1580=ORIENTED_EDGE('',*,*,#2290,.T.);
#1581=ORIENTED_EDGE('',*,*,#2291,.T.);
#1582=ORIENTED_EDGE('',*,*,#2292,.T.);
#1583=ORIENTED_EDGE('',*,*,#2293,.T.);
#1584=ORIENTED_EDGE('',*,*,#2294,.T.);
#1585=ORIENTED_EDGE('',*,*,#2295,.T.);
#1586=ORIENTED_EDGE('',*,*,#2296,.T.);
#1587=ORIENTED_EDGE('',*,*,#2297,.T.);
#1588=ORIENTED_EDGE('',*,*,#2298,.T.);
#1589=ORIENTED_EDGE('',*,*,#2299,.T.);
#1590=ORIENTED_EDGE('',*,*,#2300,.T.);
#1591=ORIENTED_EDGE('',*,*,#2301,.T.);
#1592=ORIENTED_EDGE('',*,*,#2302,.T.);
#1593=ORIENTED_EDGE('',*,*,#2303,.T.);
#1594=ORIENTED_EDGE('',*,*,#2304,.T.);
#1595=ORIENTED_EDGE('',*,*,#2305,.T.);
#1596=ORIENTED_EDGE('',*,*,#2306,.T.);
#1597=ORIENTED_EDGE('',*,*,#2307,.T.);
#1598=ORIENTED_EDGE('',*,*,#2308,.T.);
#1599=ORIENTED_EDGE('',*,*,#2309,.T.);
#1600=ORIENTED_EDGE('',*,*,#2310,.T.);
#1601=ORIENTED_EDGE('',*,*,#2311,.T.);
#1602=ORIENTED_EDGE('',*,*,#2312,.T.);
#1603=ORIENTED_EDGE('',*,*,#2313,.T.);
#1604=ORIENTED_EDGE('',*,*,#2314,.T.);
#1605=ORIENTED_EDGE('',*,*,#2315,.T.);
#1606=ORIENTED_EDGE('',*,*,#2316,.T.);
#1607=ORIENTED_EDGE('',*,*,#2317,.T.);
#1608=ORIENTED_EDGE('',*,*,#2318,.T.);
#1609=ORIENTED_EDGE('',*,*,#2319,.T.);
#1610=ORIENTED_EDGE('',*,*,#2320,.T.);
#1611=ORIENTED_EDGE('',*,*,#2321,.T.);
#1612=ORIENTED_EDGE('',*,*,#2322,.T.);
#1613=ORIENTED_EDGE('',*,*,#2323,.T.);
#1614=ORIENTED_EDGE('',*,*,#2324,.T.);
#1615=ORIENTED_EDGE('',*,*,#2325,.T.);
#1616=ORIENTED_EDGE('',*,*,#2326,.T.);
#1617=ORIENTED_EDGE('',*,*,#2327,.T.);
#1618=ORIENTED_EDGE('',*,*,#2328,.T.);
#1619=ORIENTED_EDGE('',*,*,#2329,.T.);
#1620=ORIENTED_EDGE('',*,*,#2330,.T.);
#1621=ORIENTED_EDGE('',*,*,#2331,.T.);
#1622=ORIENTED_EDGE('',*,*,#2332,.T.);
#1623=ORIENTED_EDGE('',*,*,#2333,.T.);
#1624=ORIENTED_EDGE('',*,*,#2334,.T.);
#1625=ORIENTED_EDGE('',*,*,#2335,.T.);
#1626=ORIENTED_EDGE('',*,*,#2336,.T.);
#1627=ORIENTED_EDGE('',*,*,#2337,.T.);
#1628=ORIENTED_EDGE('',*,*,#2338,.T.);
#1629=ORIENTED_EDGE('',*,*,#2339,.T.);
#1630=ORIENTED_EDGE('',*,*,#2340,.T.);
#1631=ORIENTED_EDGE('',*,*,#2341,.T.);
#1632=ORIENTED_EDGE('',*,*,#2342,.T.);
#1633=ORIENTED_EDGE('',*,*,#2343,.T.);
#1634=ORIENTED_EDGE('',*,*,#2344,.T.);
#1635=ORIENTED_EDGE('',*,*,#2345,.T.);
#1636=ORIENTED_EDGE('',*,*,#2346,.T.);
#1637=ORIENTED_EDGE('',*,*,#2347,.T.);
#1638=ORIENTED_EDGE('',*,*,#2348,.T.);
#1639=ORIENTED_EDGE('',*,*,#2349,.T.);
#1640=ORIENTED_EDGE('',*,*,#2350,.T.);
#1641=ORIENTED_EDGE('',*,*,#2351,.T.);
#1642=ORIENTED_EDGE('',*,*,#2352,.T.);
#1643=ORIENTED_EDGE('',*,*,#2353,.T.);
#1644=ORIENTED_EDGE('',*,*,#2354,.T.);
#1645=ORIENTED_EDGE('',*,*,#2355,.T.);
#1646=ORIENTED_EDGE('',*,*,#2356,.T.);
#1647=ORIENTED_EDGE('',*,*,#2357,.T.);
#1648=ORIENTED_EDGE('',*,*,#2358,.T.);
#1649=ORIENTED_EDGE('',*,*,#2359,.T.);
#1650=ORIENTED_EDGE('',*,*,#2360,.T.);
#1651=ORIENTED_EDGE('',*,*,#2361,.T.);
#1652=ORIENTED_EDGE('',*,*,#2362,.T.);
#1653=ORIENTED_EDGE('',*,*,#2363,.T.);
#1654=ORIENTED_EDGE('',*,*,#2364,.T.);
#1655=ORIENTED_EDGE('',*,*,#2365,.T.);
#1656=ORIENTED_EDGE('',*,*,#2366,.T.);
#1657=ORIENTED_EDGE('',*,*,#2367,.T.);
#1658=ORIENTED_EDGE('',*,*,#2368,.T.);
#1659=ORIENTED_EDGE('',*,*,#2369,.T.);
#1660=ORIENTED_EDGE('',*,*,#2370,.T.);
#1661=ORIENTED_EDGE('',*,*,#2371,.T.);
#1662=ORIENTED_EDGE('',*,*,#2372,.T.);
#1663=ORIENTED_EDGE('',*,*,#2373,.T.);
#1664=ORIENTED_EDGE('',*,*,#2374,.T.);
#1665=ORIENTED_EDGE('',*,*,#2375,.T.);
#1666=ORIENTED_EDGE('',*,*,#2376,.T.);
#1667=ORIENTED_EDGE('',*,*,#2377,.T.);
#1668=ORIENTED_EDGE('',*,*,#2378,.T.);
#1669=ORIENTED_EDGE('',*,*,#2379,.T.);
#1670=ORIENTED_EDGE('',*,*,#2380,.T.);
#1671=ORIENTED_EDGE('',*,*,#2381,.T.);
#1672=ORIENTED_EDGE('',*,*,#2382,.T.);
#1673=ORIENTED_EDGE('',*,*,#2383,.T.);
#1674=ORIENTED_EDGE('',*,*,#2384,.T.);
#1675=ORIENTED_EDGE('',*,*,#2385,.T.);
#1676=ORIENTED_EDGE('',*,*,#2386,.T.);
#1677=ORIENTED_EDGE('',*,*,#2387,.T.);
#1678=ORIENTED_EDGE('',*,*,#2388,.T.);
#1679=ORIENTED_EDGE('',*,*,#2389,.T.);
#1680=ORIENTED_EDGE('',*,*,#2390,.T.);
#1681=ORIENTED_EDGE('',*,*,#2391,.T.);
#1682=ORIENTED_EDGE('',*,*,#2392,.T.);
#1683=ORIENTED_EDGE('',*,*,#2393,.T.);
#1684=ORIENTED_EDGE('',*,*,#2394,.T.);
#1685=ORIENTED_EDGE('',*,*,#2395,.T.);
#1686=ORIENTED_EDGE('',*,*,#2396,.T.);
#1687=ORIENTED_EDGE('',*,*,#2397,.T.);
#1688=ORIENTED_EDGE('',*,*,#2398,.T.);
#1689=ORIENTED_EDGE('',*,*,#2399,.T.);
#1690=ORIENTED_EDGE('',*,*,#2400,.T.);
#1691=ORIENTED_EDGE('',*,*,#2401,.T.);
#1692=ORIENTED_EDGE('',*,*,#2402,.T.);
#1693=ORIENTED_EDGE('',*,*,#2403,.T.);
#1694=ORIENTED_EDGE('',*,*,#2404,.T.);
#1695=ORIENTED_EDGE('',*,*,#2405,.T.);
#1696=ORIENTED_EDGE('',*,*,#2406,.T.);
#1697=ORIENTED_EDGE('',*,*,#2407,.T.);
#1698=ORIENTED_EDGE('',*,*,#2408,.T.);
#1699=ORIENTED_EDGE('',*,*,#2409,.T.);
#1700=ORIENTED_EDGE('',*,*,#2410,.T.);
#1701=ORIENTED_EDGE('',*,*,#2411,.T.);
#1702=ORIENTED_EDGE('',*,*,#2412,.T.);
#1703=ORIENTED_EDGE('',*,*,#2413,.T.);
#1704=ORIENTED_EDGE('',*,*,#2414,.T.);
#1705=ORIENTED_EDGE('',*,*,#2415,.T.);
#1706=ORIENTED_EDGE('',*,*,#2416,.T.);
#1707=ORIENTED_EDGE('',*,*,#2417,.T.);
#1708=ORIENTED_EDGE('',*,*,#2418,.T.);
#1709=ORIENTED_EDGE('',*,*,#2419,.T.);
#1710=ORIENTED_EDGE('',*,*,#2420,.T.);
#1711=ORIENTED_EDGE('',*,*,#2421,.T.);
#1712=ORIENTED_EDGE('',*,*,#2422,.T.);
#1713=ORIENTED_EDGE('',*,*,#2423,.T.);
#1714=ORIENTED_EDGE('',*,*,#2424,.T.);
#1715=ORIENTED_EDGE('',*,*,#2425,.T.);
#1716=ORIENTED_EDGE('',*,*,#2426,.T.);
#1717=ORIENTED_EDGE('',*,*,#2427,.T.);
#1718=ORIENTED_EDGE('',*,*,#2428,.T.);
#1719=ORIENTED_EDGE('',*,*,#2429,.T.);
#1720=ORIENTED_EDGE('',*,*,#2430,.T.);
#1721=ORIENTED_EDGE('',*,*,#2431,.T.);
#1722=ORIENTED_EDGE('',*,*,#2432,.T.);
#1723=ORIENTED_EDGE('',*,*,#2433,.T.);
#1724=ORIENTED_EDGE('',*,*,#2434,.T.);
#1725=ORIENTED_EDGE('',*,*,#2435,.T.);
#1726=ORIENTED_EDGE('',*,*,#2436,.T.);
#1727=ORIENTED_EDGE('',*,*,#2437,.T.);
#1728=ORIENTED_EDGE('',*,*,#2438,.T.);
#1729=ORIENTED_EDGE('',*,*,#2439,.T.);
#1730=ORIENTED_EDGE('',*,*,#2440,.T.);
#1731=ORIENTED_EDGE('',*,*,#2441,.T.);
#1732=ORIENTED_EDGE('',*,*,#2442,.T.);
#1733=ORIENTED_EDGE('',*,*,#2443,.T.);
#1734=ORIENTED_EDGE('',*,*,#2444,.T.);
#1735=ORIENTED_EDGE('',*,*,#2445,.T.);
#1736=ORIENTED_EDGE('',*,*,#2446,.T.);
#1737=ORIENTED_EDGE('',*,*,#2447,.T.);
#1738=ORIENTED_EDGE('',*,*,#2448,.T.);
#1739=ORIENTED_EDGE('',*,*,#2449,.T.);
#1740=ORIENTED_EDGE('',*,*,#2450,.T.);
#1741=ORIENTED_EDGE('',*,*,#2451,.T.);
#1742=ORIENTED_EDGE('',*,*,#2452,.T.);
#1743=ORIENTED_EDGE('',*,*,#2453,.T.);
#1744=ORIENTED_EDGE('',*,*,#2454,.T.);
#1745=ORIENTED_EDGE('',*,*,#2455,.T.);
#1746=ORIENTED_EDGE('',*,*,#2456,.T.);
#1747=ORIENTED_EDGE('',*,*,#2457,.T.);
#1748=ORIENTED_EDGE('',*,*,#2458,.T.);
#1749=ORIENTED_EDGE('',*,*,#2459,.T.);
#1750=ORIENTED_EDGE('',*,*,#2460,.T.);
#1751=ORIENTED_EDGE('',*,*,#2461,.T.);
#1752=ORIENTED_EDGE('',*,*,#2462,.T.);
#1753=ORIENTED_EDGE('',*,*,#2463,.T.);
#1754=ORIENTED_EDGE('',*,*,#2464,.T.);
#1755=ORIENTED_EDGE('',*,*,#2465,.T.);
#1756=ORIENTED_EDGE('',*,*,#2466,.T.);
#1757=ORIENTED_EDGE('',*,*,#2467,.T.);
#1758=ORIENTED_EDGE('',*,*,#2468,.T.);
#1759=ORIENTED_EDGE('',*,*,#2469,.T.);
#1760=ORIENTED_EDGE('',*,*,#2470,.T.);
#1761=ORIENTED_EDGE('',*,*,#2471,.T.);
#1762=ORIENTED_EDGE('',*,*,#2472,.T.);
#1763=ORIENTED_EDGE('',*,*,#2473,.T.);
#1764=ORIENTED_EDGE('',*,*,#2474,.T.);
#1765=ORIENTED_EDGE('',*,*,#2475,.T.);
#1766=ORIENTED_EDGE('',*,*,#2476,.T.);
#1767=ORIENTED_EDGE('',*,*,#2477,.T.);
#1768=ORIENTED_EDGE('',*,*,#2478,.T.);
#1769=ORIENTED_EDGE('',*,*,#2479,.T.);
#1770=ORIENTED_EDGE('',*,*,#2480,.T.);
#1771=ORIENTED_EDGE('',*,*,#2481,.T.);
#1772=ORIENTED_EDGE('',*,*,#2482,.T.);
#1773=ORIENTED_EDGE('',*,*,#2483,.T.);
#1774=ORIENTED_EDGE('',*,*,#2484,.T.);
#1775=ORIENTED_EDGE('',*,*,#2485,.T.);
#1776=ORIENTED_EDGE('',*,*,#2486,.T.);
#1777=ORIENTED_EDGE('',*,*,#2487,.T.);
#1778=ORIENTED_EDGE('',*,*,#2488,.T.);
#1779=ORIENTED_EDGE('',*,*,#2489,.T.);
#1780=ORIENTED_EDGE('',*,*,#2490,.T.);
#1781=ORIENTED_EDGE('',*,*,#2376,.F.);
#1782=ORIENTED_EDGE('',*,*,#2478,.F.);
#1783=ORIENTED_EDGE('',*,*,#2477,.F.);
#1784=ORIENTED_EDGE('',*,*,#2491,.T.);
#1785=ORIENTED_EDGE('',*,*,#2373,.F.);
#1786=ORIENTED_EDGE('',*,*,#2492,.F.);
#1787=ORIENTED_EDGE('',*,*,#2476,.F.);
#1788=ORIENTED_EDGE('',*,*,#2493,.T.);
#1789=ORIENTED_EDGE('',*,*,#2374,.F.);
#1790=ORIENTED_EDGE('',*,*,#2491,.F.);
#1791=ORIENTED_EDGE('',*,*,#2475,.F.);
#1792=ORIENTED_EDGE('',*,*,#2494,.T.);
#1793=ORIENTED_EDGE('',*,*,#2375,.F.);
#1794=ORIENTED_EDGE('',*,*,#2493,.F.);
#1795=ORIENTED_EDGE('',*,*,#2474,.F.);
#1796=ORIENTED_EDGE('',*,*,#2492,.T.);
#1797=ORIENTED_EDGE('',*,*,#2372,.F.);
#1798=ORIENTED_EDGE('',*,*,#2494,.F.);
#1799=ORIENTED_EDGE('',*,*,#2473,.F.);
#1800=ORIENTED_EDGE('',*,*,#2495,.T.);
#1801=ORIENTED_EDGE('',*,*,#2369,.F.);
#1802=ORIENTED_EDGE('',*,*,#2496,.F.);
#1803=ORIENTED_EDGE('',*,*,#2472,.F.);
#1804=ORIENTED_EDGE('',*,*,#2497,.T.);
#1805=ORIENTED_EDGE('',*,*,#2370,.F.);
#1806=ORIENTED_EDGE('',*,*,#2495,.F.);
#1807=ORIENTED_EDGE('',*,*,#2471,.F.);
#1808=ORIENTED_EDGE('',*,*,#2498,.T.);
#1809=ORIENTED_EDGE('',*,*,#2371,.F.);
#1810=ORIENTED_EDGE('',*,*,#2497,.F.);
#1811=ORIENTED_EDGE('',*,*,#2470,.F.);
#1812=ORIENTED_EDGE('',*,*,#2496,.T.);
#1813=ORIENTED_EDGE('',*,*,#2368,.F.);
#1814=ORIENTED_EDGE('',*,*,#2498,.F.);
#1815=ORIENTED_EDGE('',*,*,#2469,.F.);
#1816=ORIENTED_EDGE('',*,*,#2499,.T.);
#1817=ORIENTED_EDGE('',*,*,#2365,.F.);
#1818=ORIENTED_EDGE('',*,*,#2500,.F.);
#1819=ORIENTED_EDGE('',*,*,#2468,.F.);
#1820=ORIENTED_EDGE('',*,*,#2501,.T.);
#1821=ORIENTED_EDGE('',*,*,#2366,.F.);
#1822=ORIENTED_EDGE('',*,*,#2499,.F.);
#1823=ORIENTED_EDGE('',*,*,#2467,.F.);
#1824=ORIENTED_EDGE('',*,*,#2502,.T.);
#1825=ORIENTED_EDGE('',*,*,#2367,.F.);
#1826=ORIENTED_EDGE('',*,*,#2501,.F.);
#1827=ORIENTED_EDGE('',*,*,#2466,.F.);
#1828=ORIENTED_EDGE('',*,*,#2500,.T.);
#1829=ORIENTED_EDGE('',*,*,#2364,.F.);
#1830=ORIENTED_EDGE('',*,*,#2502,.F.);
#1831=ORIENTED_EDGE('',*,*,#2465,.F.);
#1832=ORIENTED_EDGE('',*,*,#2503,.T.);
#1833=ORIENTED_EDGE('',*,*,#2361,.F.);
#1834=ORIENTED_EDGE('',*,*,#2504,.F.);
#1835=ORIENTED_EDGE('',*,*,#2464,.F.);
#1836=ORIENTED_EDGE('',*,*,#2505,.T.);
#1837=ORIENTED_EDGE('',*,*,#2362,.F.);
#1838=ORIENTED_EDGE('',*,*,#2503,.F.);
#1839=ORIENTED_EDGE('',*,*,#2463,.F.);
#1840=ORIENTED_EDGE('',*,*,#2506,.T.);
#1841=ORIENTED_EDGE('',*,*,#2363,.F.);
#1842=ORIENTED_EDGE('',*,*,#2505,.F.);
#1843=ORIENTED_EDGE('',*,*,#2462,.F.);
#1844=ORIENTED_EDGE('',*,*,#2504,.T.);
#1845=ORIENTED_EDGE('',*,*,#2360,.F.);
#1846=ORIENTED_EDGE('',*,*,#2506,.F.);
#1847=ORIENTED_EDGE('',*,*,#2461,.F.);
#1848=ORIENTED_EDGE('',*,*,#2507,.T.);
#1849=ORIENTED_EDGE('',*,*,#2357,.F.);
#1850=ORIENTED_EDGE('',*,*,#2508,.F.);
#1851=ORIENTED_EDGE('',*,*,#2460,.F.);
#1852=ORIENTED_EDGE('',*,*,#2509,.T.);
#1853=ORIENTED_EDGE('',*,*,#2358,.F.);
#1854=ORIENTED_EDGE('',*,*,#2507,.F.);
#1855=ORIENTED_EDGE('',*,*,#2459,.F.);
#1856=ORIENTED_EDGE('',*,*,#2510,.T.);
#1857=ORIENTED_EDGE('',*,*,#2359,.F.);
#1858=ORIENTED_EDGE('',*,*,#2509,.F.);
#1859=ORIENTED_EDGE('',*,*,#2458,.F.);
#1860=ORIENTED_EDGE('',*,*,#2508,.T.);
#1861=ORIENTED_EDGE('',*,*,#2356,.F.);
#1862=ORIENTED_EDGE('',*,*,#2510,.F.);
#1863=ORIENTED_EDGE('',*,*,#2457,.F.);
#1864=ORIENTED_EDGE('',*,*,#2511,.T.);
#1865=ORIENTED_EDGE('',*,*,#2353,.F.);
#1866=ORIENTED_EDGE('',*,*,#2512,.F.);
#1867=ORIENTED_EDGE('',*,*,#2456,.F.);
#1868=ORIENTED_EDGE('',*,*,#2513,.T.);
#1869=ORIENTED_EDGE('',*,*,#2354,.F.);
#1870=ORIENTED_EDGE('',*,*,#2511,.F.);
#1871=ORIENTED_EDGE('',*,*,#2455,.F.);
#1872=ORIENTED_EDGE('',*,*,#2514,.T.);
#1873=ORIENTED_EDGE('',*,*,#2355,.F.);
#1874=ORIENTED_EDGE('',*,*,#2513,.F.);
#1875=ORIENTED_EDGE('',*,*,#2454,.F.);
#1876=ORIENTED_EDGE('',*,*,#2512,.T.);
#1877=ORIENTED_EDGE('',*,*,#2352,.F.);
#1878=ORIENTED_EDGE('',*,*,#2514,.F.);
#1879=ORIENTED_EDGE('',*,*,#2453,.F.);
#1880=ORIENTED_EDGE('',*,*,#2515,.T.);
#1881=ORIENTED_EDGE('',*,*,#2349,.F.);
#1882=ORIENTED_EDGE('',*,*,#2516,.F.);
#1883=ORIENTED_EDGE('',*,*,#2452,.F.);
#1884=ORIENTED_EDGE('',*,*,#2517,.T.);
#1885=ORIENTED_EDGE('',*,*,#2350,.F.);
#1886=ORIENTED_EDGE('',*,*,#2515,.F.);
#1887=ORIENTED_EDGE('',*,*,#2451,.F.);
#1888=ORIENTED_EDGE('',*,*,#2518,.T.);
#1889=ORIENTED_EDGE('',*,*,#2351,.F.);
#1890=ORIENTED_EDGE('',*,*,#2517,.F.);
#1891=ORIENTED_EDGE('',*,*,#2450,.F.);
#1892=ORIENTED_EDGE('',*,*,#2516,.T.);
#1893=ORIENTED_EDGE('',*,*,#2348,.F.);
#1894=ORIENTED_EDGE('',*,*,#2518,.F.);
#1895=ORIENTED_EDGE('',*,*,#2449,.F.);
#1896=ORIENTED_EDGE('',*,*,#2519,.T.);
#1897=ORIENTED_EDGE('',*,*,#2345,.F.);
#1898=ORIENTED_EDGE('',*,*,#2520,.F.);
#1899=ORIENTED_EDGE('',*,*,#2448,.F.);
#1900=ORIENTED_EDGE('',*,*,#2521,.T.);
#1901=ORIENTED_EDGE('',*,*,#2346,.F.);
#1902=ORIENTED_EDGE('',*,*,#2519,.F.);
#1903=ORIENTED_EDGE('',*,*,#2447,.F.);
#1904=ORIENTED_EDGE('',*,*,#2522,.T.);
#1905=ORIENTED_EDGE('',*,*,#2347,.F.);
#1906=ORIENTED_EDGE('',*,*,#2521,.F.);
#1907=ORIENTED_EDGE('',*,*,#2446,.F.);
#1908=ORIENTED_EDGE('',*,*,#2520,.T.);
#1909=ORIENTED_EDGE('',*,*,#2344,.F.);
#1910=ORIENTED_EDGE('',*,*,#2522,.F.);
#1911=ORIENTED_EDGE('',*,*,#2445,.F.);
#1912=ORIENTED_EDGE('',*,*,#2523,.T.);
#1913=ORIENTED_EDGE('',*,*,#2341,.F.);
#1914=ORIENTED_EDGE('',*,*,#2524,.F.);
#1915=ORIENTED_EDGE('',*,*,#2444,.F.);
#1916=ORIENTED_EDGE('',*,*,#2525,.T.);
#1917=ORIENTED_EDGE('',*,*,#2342,.F.);
#1918=ORIENTED_EDGE('',*,*,#2523,.F.);
#1919=ORIENTED_EDGE('',*,*,#2443,.F.);
#1920=ORIENTED_EDGE('',*,*,#2526,.T.);
#1921=ORIENTED_EDGE('',*,*,#2343,.F.);
#1922=ORIENTED_EDGE('',*,*,#2525,.F.);
#1923=ORIENTED_EDGE('',*,*,#2442,.F.);
#1924=ORIENTED_EDGE('',*,*,#2524,.T.);
#1925=ORIENTED_EDGE('',*,*,#2340,.F.);
#1926=ORIENTED_EDGE('',*,*,#2526,.F.);
#1927=ORIENTED_EDGE('',*,*,#2441,.F.);
#1928=ORIENTED_EDGE('',*,*,#2527,.T.);
#1929=ORIENTED_EDGE('',*,*,#2337,.F.);
#1930=ORIENTED_EDGE('',*,*,#2528,.F.);
#1931=ORIENTED_EDGE('',*,*,#2440,.F.);
#1932=ORIENTED_EDGE('',*,*,#2529,.T.);
#1933=ORIENTED_EDGE('',*,*,#2338,.F.);
#1934=ORIENTED_EDGE('',*,*,#2527,.F.);
#1935=ORIENTED_EDGE('',*,*,#2439,.F.);
#1936=ORIENTED_EDGE('',*,*,#2530,.T.);
#1937=ORIENTED_EDGE('',*,*,#2339,.F.);
#1938=ORIENTED_EDGE('',*,*,#2529,.F.);
#1939=ORIENTED_EDGE('',*,*,#2438,.F.);
#1940=ORIENTED_EDGE('',*,*,#2528,.T.);
#1941=ORIENTED_EDGE('',*,*,#2336,.F.);
#1942=ORIENTED_EDGE('',*,*,#2530,.F.);
#1943=ORIENTED_EDGE('',*,*,#2437,.F.);
#1944=ORIENTED_EDGE('',*,*,#2531,.T.);
#1945=ORIENTED_EDGE('',*,*,#2333,.F.);
#1946=ORIENTED_EDGE('',*,*,#2532,.F.);
#1947=ORIENTED_EDGE('',*,*,#2436,.F.);
#1948=ORIENTED_EDGE('',*,*,#2533,.T.);
#1949=ORIENTED_EDGE('',*,*,#2334,.F.);
#1950=ORIENTED_EDGE('',*,*,#2531,.F.);
#1951=ORIENTED_EDGE('',*,*,#2435,.F.);
#1952=ORIENTED_EDGE('',*,*,#2534,.T.);
#1953=ORIENTED_EDGE('',*,*,#2335,.F.);
#1954=ORIENTED_EDGE('',*,*,#2533,.F.);
#1955=ORIENTED_EDGE('',*,*,#2434,.F.);
#1956=ORIENTED_EDGE('',*,*,#2532,.T.);
#1957=ORIENTED_EDGE('',*,*,#2332,.F.);
#1958=ORIENTED_EDGE('',*,*,#2534,.F.);
#1959=ORIENTED_EDGE('',*,*,#2433,.F.);
#1960=ORIENTED_EDGE('',*,*,#2535,.T.);
#1961=ORIENTED_EDGE('',*,*,#2329,.F.);
#1962=ORIENTED_EDGE('',*,*,#2536,.F.);
#1963=ORIENTED_EDGE('',*,*,#2432,.F.);
#1964=ORIENTED_EDGE('',*,*,#2537,.T.);
#1965=ORIENTED_EDGE('',*,*,#2330,.F.);
#1966=ORIENTED_EDGE('',*,*,#2535,.F.);
#1967=ORIENTED_EDGE('',*,*,#2431,.F.);
#1968=ORIENTED_EDGE('',*,*,#2538,.T.);
#1969=ORIENTED_EDGE('',*,*,#2331,.F.);
#1970=ORIENTED_EDGE('',*,*,#2537,.F.);
#1971=ORIENTED_EDGE('',*,*,#2430,.F.);
#1972=ORIENTED_EDGE('',*,*,#2536,.T.);
#1973=ORIENTED_EDGE('',*,*,#2328,.F.);
#1974=ORIENTED_EDGE('',*,*,#2538,.F.);
#1975=ORIENTED_EDGE('',*,*,#2429,.F.);
#1976=ORIENTED_EDGE('',*,*,#2539,.T.);
#1977=ORIENTED_EDGE('',*,*,#2325,.F.);
#1978=ORIENTED_EDGE('',*,*,#2540,.F.);
#1979=ORIENTED_EDGE('',*,*,#2428,.F.);
#1980=ORIENTED_EDGE('',*,*,#2541,.T.);
#1981=ORIENTED_EDGE('',*,*,#2326,.F.);
#1982=ORIENTED_EDGE('',*,*,#2539,.F.);
#1983=ORIENTED_EDGE('',*,*,#2427,.F.);
#1984=ORIENTED_EDGE('',*,*,#2542,.T.);
#1985=ORIENTED_EDGE('',*,*,#2327,.F.);
#1986=ORIENTED_EDGE('',*,*,#2541,.F.);
#1987=ORIENTED_EDGE('',*,*,#2426,.F.);
#1988=ORIENTED_EDGE('',*,*,#2540,.T.);
#1989=ORIENTED_EDGE('',*,*,#2324,.F.);
#1990=ORIENTED_EDGE('',*,*,#2542,.F.);
#1991=ORIENTED_EDGE('',*,*,#2425,.F.);
#1992=ORIENTED_EDGE('',*,*,#2543,.T.);
#1993=ORIENTED_EDGE('',*,*,#2321,.F.);
#1994=ORIENTED_EDGE('',*,*,#2544,.F.);
#1995=ORIENTED_EDGE('',*,*,#2424,.F.);
#1996=ORIENTED_EDGE('',*,*,#2545,.T.);
#1997=ORIENTED_EDGE('',*,*,#2322,.F.);
#1998=ORIENTED_EDGE('',*,*,#2543,.F.);
#1999=ORIENTED_EDGE('',*,*,#2423,.F.);
#2000=ORIENTED_EDGE('',*,*,#2546,.T.);
#2001=ORIENTED_EDGE('',*,*,#2323,.F.);
#2002=ORIENTED_EDGE('',*,*,#2545,.F.);
#2003=ORIENTED_EDGE('',*,*,#2422,.F.);
#2004=ORIENTED_EDGE('',*,*,#2544,.T.);
#2005=ORIENTED_EDGE('',*,*,#2320,.F.);
#2006=ORIENTED_EDGE('',*,*,#2546,.F.);
#2007=ORIENTED_EDGE('',*,*,#2421,.F.);
#2008=ORIENTED_EDGE('',*,*,#2547,.T.);
#2009=ORIENTED_EDGE('',*,*,#2317,.F.);
#2010=ORIENTED_EDGE('',*,*,#2548,.F.);
#2011=ORIENTED_EDGE('',*,*,#2420,.F.);
#2012=ORIENTED_EDGE('',*,*,#2549,.T.);
#2013=ORIENTED_EDGE('',*,*,#2318,.F.);
#2014=ORIENTED_EDGE('',*,*,#2547,.F.);
#2015=ORIENTED_EDGE('',*,*,#2419,.F.);
#2016=ORIENTED_EDGE('',*,*,#2550,.T.);
#2017=ORIENTED_EDGE('',*,*,#2319,.F.);
#2018=ORIENTED_EDGE('',*,*,#2549,.F.);
#2019=ORIENTED_EDGE('',*,*,#2418,.F.);
#2020=ORIENTED_EDGE('',*,*,#2548,.T.);
#2021=ORIENTED_EDGE('',*,*,#2316,.F.);
#2022=ORIENTED_EDGE('',*,*,#2550,.F.);
#2023=ORIENTED_EDGE('',*,*,#2417,.F.);
#2024=ORIENTED_EDGE('',*,*,#2551,.T.);
#2025=ORIENTED_EDGE('',*,*,#2313,.F.);
#2026=ORIENTED_EDGE('',*,*,#2552,.F.);
#2027=ORIENTED_EDGE('',*,*,#2416,.F.);
#2028=ORIENTED_EDGE('',*,*,#2553,.T.);
#2029=ORIENTED_EDGE('',*,*,#2314,.F.);
#2030=ORIENTED_EDGE('',*,*,#2551,.F.);
#2031=ORIENTED_EDGE('',*,*,#2415,.F.);
#2032=ORIENTED_EDGE('',*,*,#2554,.T.);
#2033=ORIENTED_EDGE('',*,*,#2315,.F.);
#2034=ORIENTED_EDGE('',*,*,#2553,.F.);
#2035=ORIENTED_EDGE('',*,*,#2414,.F.);
#2036=ORIENTED_EDGE('',*,*,#2552,.T.);
#2037=ORIENTED_EDGE('',*,*,#2312,.F.);
#2038=ORIENTED_EDGE('',*,*,#2554,.F.);
#2039=ORIENTED_EDGE('',*,*,#2413,.F.);
#2040=ORIENTED_EDGE('',*,*,#2555,.T.);
#2041=ORIENTED_EDGE('',*,*,#2309,.F.);
#2042=ORIENTED_EDGE('',*,*,#2556,.F.);
#2043=ORIENTED_EDGE('',*,*,#2412,.F.);
#2044=ORIENTED_EDGE('',*,*,#2557,.T.);
#2045=ORIENTED_EDGE('',*,*,#2310,.F.);
#2046=ORIENTED_EDGE('',*,*,#2555,.F.);
#2047=ORIENTED_EDGE('',*,*,#2411,.F.);
#2048=ORIENTED_EDGE('',*,*,#2558,.T.);
#2049=ORIENTED_EDGE('',*,*,#2311,.F.);
#2050=ORIENTED_EDGE('',*,*,#2557,.F.);
#2051=ORIENTED_EDGE('',*,*,#2410,.F.);
#2052=ORIENTED_EDGE('',*,*,#2556,.T.);
#2053=ORIENTED_EDGE('',*,*,#2308,.F.);
#2054=ORIENTED_EDGE('',*,*,#2558,.F.);
#2055=ORIENTED_EDGE('',*,*,#2409,.F.);
#2056=ORIENTED_EDGE('',*,*,#2559,.T.);
#2057=ORIENTED_EDGE('',*,*,#2305,.F.);
#2058=ORIENTED_EDGE('',*,*,#2560,.F.);
#2059=ORIENTED_EDGE('',*,*,#2408,.F.);
#2060=ORIENTED_EDGE('',*,*,#2561,.T.);
#2061=ORIENTED_EDGE('',*,*,#2306,.F.);
#2062=ORIENTED_EDGE('',*,*,#2559,.F.);
#2063=ORIENTED_EDGE('',*,*,#2407,.F.);
#2064=ORIENTED_EDGE('',*,*,#2562,.T.);
#2065=ORIENTED_EDGE('',*,*,#2307,.F.);
#2066=ORIENTED_EDGE('',*,*,#2561,.F.);
#2067=ORIENTED_EDGE('',*,*,#2406,.F.);
#2068=ORIENTED_EDGE('',*,*,#2560,.T.);
#2069=ORIENTED_EDGE('',*,*,#2304,.F.);
#2070=ORIENTED_EDGE('',*,*,#2562,.F.);
#2071=ORIENTED_EDGE('',*,*,#2405,.F.);
#2072=ORIENTED_EDGE('',*,*,#2563,.T.);
#2073=ORIENTED_EDGE('',*,*,#2301,.F.);
#2074=ORIENTED_EDGE('',*,*,#2564,.F.);
#2075=ORIENTED_EDGE('',*,*,#2404,.F.);
#2076=ORIENTED_EDGE('',*,*,#2565,.T.);
#2077=ORIENTED_EDGE('',*,*,#2302,.F.);
#2078=ORIENTED_EDGE('',*,*,#2563,.F.);
#2079=ORIENTED_EDGE('',*,*,#2403,.F.);
#2080=ORIENTED_EDGE('',*,*,#2566,.T.);
#2081=ORIENTED_EDGE('',*,*,#2303,.F.);
#2082=ORIENTED_EDGE('',*,*,#2565,.F.);
#2083=ORIENTED_EDGE('',*,*,#2402,.F.);
#2084=ORIENTED_EDGE('',*,*,#2564,.T.);
#2085=ORIENTED_EDGE('',*,*,#2300,.F.);
#2086=ORIENTED_EDGE('',*,*,#2566,.F.);
#2087=ORIENTED_EDGE('',*,*,#2401,.F.);
#2088=ORIENTED_EDGE('',*,*,#2567,.T.);
#2089=ORIENTED_EDGE('',*,*,#2297,.F.);
#2090=ORIENTED_EDGE('',*,*,#2568,.F.);
#2091=ORIENTED_EDGE('',*,*,#2400,.F.);
#2092=ORIENTED_EDGE('',*,*,#2569,.T.);
#2093=ORIENTED_EDGE('',*,*,#2298,.F.);
#2094=ORIENTED_EDGE('',*,*,#2567,.F.);
#2095=ORIENTED_EDGE('',*,*,#2399,.F.);
#2096=ORIENTED_EDGE('',*,*,#2570,.T.);
#2097=ORIENTED_EDGE('',*,*,#2299,.F.);
#2098=ORIENTED_EDGE('',*,*,#2569,.F.);
#2099=ORIENTED_EDGE('',*,*,#2398,.F.);
#2100=ORIENTED_EDGE('',*,*,#2568,.T.);
#2101=ORIENTED_EDGE('',*,*,#2296,.F.);
#2102=ORIENTED_EDGE('',*,*,#2570,.F.);
#2103=ORIENTED_EDGE('',*,*,#2397,.F.);
#2104=ORIENTED_EDGE('',*,*,#2571,.T.);
#2105=ORIENTED_EDGE('',*,*,#2293,.F.);
#2106=ORIENTED_EDGE('',*,*,#2572,.F.);
#2107=ORIENTED_EDGE('',*,*,#2396,.F.);
#2108=ORIENTED_EDGE('',*,*,#2573,.T.);
#2109=ORIENTED_EDGE('',*,*,#2294,.F.);
#2110=ORIENTED_EDGE('',*,*,#2571,.F.);
#2111=ORIENTED_EDGE('',*,*,#2395,.F.);
#2112=ORIENTED_EDGE('',*,*,#2574,.T.);
#2113=ORIENTED_EDGE('',*,*,#2295,.F.);
#2114=ORIENTED_EDGE('',*,*,#2573,.F.);
#2115=ORIENTED_EDGE('',*,*,#2394,.F.);
#2116=ORIENTED_EDGE('',*,*,#2572,.T.);
#2117=ORIENTED_EDGE('',*,*,#2292,.F.);
#2118=ORIENTED_EDGE('',*,*,#2574,.F.);
#2119=ORIENTED_EDGE('',*,*,#2393,.F.);
#2120=ORIENTED_EDGE('',*,*,#2575,.T.);
#2121=ORIENTED_EDGE('',*,*,#2289,.F.);
#2122=ORIENTED_EDGE('',*,*,#2576,.F.);
#2123=ORIENTED_EDGE('',*,*,#2392,.F.);
#2124=ORIENTED_EDGE('',*,*,#2577,.T.);
#2125=ORIENTED_EDGE('',*,*,#2290,.F.);
#2126=ORIENTED_EDGE('',*,*,#2575,.F.);
#2127=ORIENTED_EDGE('',*,*,#2391,.F.);
#2128=ORIENTED_EDGE('',*,*,#2578,.T.);
#2129=ORIENTED_EDGE('',*,*,#2291,.F.);
#2130=ORIENTED_EDGE('',*,*,#2577,.F.);
#2131=ORIENTED_EDGE('',*,*,#2390,.F.);
#2132=ORIENTED_EDGE('',*,*,#2576,.T.);
#2133=ORIENTED_EDGE('',*,*,#2288,.F.);
#2134=ORIENTED_EDGE('',*,*,#2578,.F.);
#2135=ORIENTED_EDGE('',*,*,#2389,.F.);
#2136=ORIENTED_EDGE('',*,*,#2579,.T.);
#2137=ORIENTED_EDGE('',*,*,#2285,.F.);
#2138=ORIENTED_EDGE('',*,*,#2580,.F.);
#2139=ORIENTED_EDGE('',*,*,#2388,.F.);
#2140=ORIENTED_EDGE('',*,*,#2581,.T.);
#2141=ORIENTED_EDGE('',*,*,#2286,.F.);
#2142=ORIENTED_EDGE('',*,*,#2579,.F.);
#2143=ORIENTED_EDGE('',*,*,#2387,.F.);
#2144=ORIENTED_EDGE('',*,*,#2582,.T.);
#2145=ORIENTED_EDGE('',*,*,#2287,.F.);
#2146=ORIENTED_EDGE('',*,*,#2581,.F.);
#2147=ORIENTED_EDGE('',*,*,#2386,.F.);
#2148=ORIENTED_EDGE('',*,*,#2580,.T.);
#2149=ORIENTED_EDGE('',*,*,#2284,.F.);
#2150=ORIENTED_EDGE('',*,*,#2582,.F.);
#2151=ORIENTED_EDGE('',*,*,#2385,.F.);
#2152=ORIENTED_EDGE('',*,*,#2583,.T.);
#2153=ORIENTED_EDGE('',*,*,#2281,.F.);
#2154=ORIENTED_EDGE('',*,*,#2584,.F.);
#2155=ORIENTED_EDGE('',*,*,#2384,.F.);
#2156=ORIENTED_EDGE('',*,*,#2585,.T.);
#2157=ORIENTED_EDGE('',*,*,#2282,.F.);
#2158=ORIENTED_EDGE('',*,*,#2583,.F.);
#2159=ORIENTED_EDGE('',*,*,#2383,.F.);
#2160=ORIENTED_EDGE('',*,*,#2586,.T.);
#2161=ORIENTED_EDGE('',*,*,#2283,.F.);
#2162=ORIENTED_EDGE('',*,*,#2585,.F.);
#2163=ORIENTED_EDGE('',*,*,#2382,.F.);
#2164=ORIENTED_EDGE('',*,*,#2584,.T.);
#2165=ORIENTED_EDGE('',*,*,#2280,.F.);
#2166=ORIENTED_EDGE('',*,*,#2586,.F.);
#2167=ORIENTED_EDGE('',*,*,#2279,.F.);
#2168=ORIENTED_EDGE('',*,*,#2587,.T.);
#2169=ORIENTED_EDGE('',*,*,#2377,.F.);
#2170=ORIENTED_EDGE('',*,*,#2588,.T.);
#2171=ORIENTED_EDGE('',*,*,#2378,.F.);
#2172=ORIENTED_EDGE('',*,*,#2589,.T.);
#2173=ORIENTED_EDGE('',*,*,#2379,.F.);
#2174=ORIENTED_EDGE('',*,*,#2590,.T.);
#2175=ORIENTED_EDGE('',*,*,#2380,.F.);
#2176=ORIENTED_EDGE('',*,*,#2591,.T.);
#2177=ORIENTED_EDGE('',*,*,#2381,.F.);
#2178=ORIENTED_EDGE('',*,*,#2592,.F.);
#2179=ORIENTED_EDGE('',*,*,#2593,.F.);
#2180=ORIENTED_EDGE('',*,*,#2479,.F.);
#2181=ORIENTED_EDGE('',*,*,#2594,.F.);
#2182=ORIENTED_EDGE('',*,*,#2480,.F.);
#2183=ORIENTED_EDGE('',*,*,#2595,.F.);
#2184=ORIENTED_EDGE('',*,*,#2481,.F.);
#2185=ORIENTED_EDGE('',*,*,#2596,.F.);
#2186=ORIENTED_EDGE('',*,*,#2482,.F.);
#2187=ORIENTED_EDGE('',*,*,#2597,.F.);
#2188=ORIENTED_EDGE('',*,*,#2483,.F.);
#2189=ORIENTED_EDGE('',*,*,#2598,.F.);
#2190=ORIENTED_EDGE('',*,*,#2484,.F.);
#2191=ORIENTED_EDGE('',*,*,#2599,.F.);
#2192=ORIENTED_EDGE('',*,*,#2485,.F.);
#2193=ORIENTED_EDGE('',*,*,#2600,.F.);
#2194=ORIENTED_EDGE('',*,*,#2486,.F.);
#2195=ORIENTED_EDGE('',*,*,#2601,.F.);
#2196=ORIENTED_EDGE('',*,*,#2487,.F.);
#2197=ORIENTED_EDGE('',*,*,#2602,.F.);
#2198=ORIENTED_EDGE('',*,*,#2488,.F.);
#2199=ORIENTED_EDGE('',*,*,#2603,.F.);
#2200=ORIENTED_EDGE('',*,*,#2489,.F.);
#2201=ORIENTED_EDGE('',*,*,#2604,.F.);
#2202=ORIENTED_EDGE('',*,*,#2490,.F.);
#2203=ORIENTED_EDGE('',*,*,#2587,.F.);
#2204=ORIENTED_EDGE('',*,*,#2605,.T.);
#2205=ORIENTED_EDGE('',*,*,#2588,.F.);
#2206=ORIENTED_EDGE('',*,*,#2606,.F.);
#2207=ORIENTED_EDGE('',*,*,#2589,.F.);
#2208=ORIENTED_EDGE('',*,*,#2607,.F.);
#2209=ORIENTED_EDGE('',*,*,#2590,.F.);
#2210=ORIENTED_EDGE('',*,*,#2608,.F.);
#2211=ORIENTED_EDGE('',*,*,#2591,.F.);
#2212=ORIENTED_EDGE('',*,*,#2609,.F.);
#2213=ORIENTED_EDGE('',*,*,#2605,.F.);
#2214=ORIENTED_EDGE('',*,*,#2592,.T.);
#2215=ORIENTED_EDGE('',*,*,#2610,.T.);
#2216=ORIENTED_EDGE('',*,*,#2593,.T.);
#2217=ORIENTED_EDGE('',*,*,#2611,.T.);
#2218=ORIENTED_EDGE('',*,*,#2594,.T.);
#2219=ORIENTED_EDGE('',*,*,#2612,.T.);
#2220=ORIENTED_EDGE('',*,*,#2595,.T.);
#2221=ORIENTED_EDGE('',*,*,#2613,.T.);
#2222=ORIENTED_EDGE('',*,*,#2596,.T.);
#2223=ORIENTED_EDGE('',*,*,#2614,.T.);
#2224=ORIENTED_EDGE('',*,*,#2597,.T.);
#2225=ORIENTED_EDGE('',*,*,#2615,.T.);
#2226=ORIENTED_EDGE('',*,*,#2598,.T.);
#2227=ORIENTED_EDGE('',*,*,#2616,.T.);
#2228=ORIENTED_EDGE('',*,*,#2599,.T.);
#2229=ORIENTED_EDGE('',*,*,#2617,.T.);
#2230=ORIENTED_EDGE('',*,*,#2600,.T.);
#2231=ORIENTED_EDGE('',*,*,#2618,.T.);
#2232=ORIENTED_EDGE('',*,*,#2601,.T.);
#2233=ORIENTED_EDGE('',*,*,#2619,.T.);
#2234=ORIENTED_EDGE('',*,*,#2602,.T.);
#2235=ORIENTED_EDGE('',*,*,#2620,.T.);
#2236=ORIENTED_EDGE('',*,*,#2603,.T.);
#2237=ORIENTED_EDGE('',*,*,#2621,.T.);
#2238=ORIENTED_EDGE('',*,*,#2604,.T.);
#2239=ORIENTED_EDGE('',*,*,#2606,.T.);
#2240=ORIENTED_EDGE('',*,*,#2622,.T.);
#2241=ORIENTED_EDGE('',*,*,#2623,.T.);
#2242=ORIENTED_EDGE('',*,*,#2624,.T.);
#2243=ORIENTED_EDGE('',*,*,#2607,.T.);
#2244=ORIENTED_EDGE('',*,*,#2625,.T.);
#2245=ORIENTED_EDGE('',*,*,#2626,.T.);
#2246=ORIENTED_EDGE('',*,*,#2627,.T.);
#2247=ORIENTED_EDGE('',*,*,#2608,.T.);
#2248=ORIENTED_EDGE('',*,*,#2628,.T.);
#2249=ORIENTED_EDGE('',*,*,#2629,.T.);
#2250=ORIENTED_EDGE('',*,*,#2630,.T.);
#2251=ORIENTED_EDGE('',*,*,#2609,.T.);
#2252=ORIENTED_EDGE('',*,*,#2631,.T.);
#2253=ORIENTED_EDGE('',*,*,#2632,.T.);
#2254=ORIENTED_EDGE('',*,*,#2633,.T.);
#2255=ORIENTED_EDGE('',*,*,#2633,.F.);
#2256=ORIENTED_EDGE('',*,*,#2610,.F.);
#2257=ORIENTED_EDGE('',*,*,#2632,.F.);
#2258=ORIENTED_EDGE('',*,*,#2611,.F.);
#2259=ORIENTED_EDGE('',*,*,#2631,.F.);
#2260=ORIENTED_EDGE('',*,*,#2612,.F.);
#2261=ORIENTED_EDGE('',*,*,#2627,.F.);
#2262=ORIENTED_EDGE('',*,*,#2613,.F.);
#2263=ORIENTED_EDGE('',*,*,#2624,.F.);
#2264=ORIENTED_EDGE('',*,*,#2614,.F.);
#2265=ORIENTED_EDGE('',*,*,#2623,.F.);
#2266=ORIENTED_EDGE('',*,*,#2615,.F.);
#2267=ORIENTED_EDGE('',*,*,#2626,.F.);
#2268=ORIENTED_EDGE('',*,*,#2616,.F.);
#2269=ORIENTED_EDGE('',*,*,#2625,.F.);
#2270=ORIENTED_EDGE('',*,*,#2617,.F.);
#2271=ORIENTED_EDGE('',*,*,#2622,.F.);
#2272=ORIENTED_EDGE('',*,*,#2618,.F.);
#2273=ORIENTED_EDGE('',*,*,#2628,.F.);
#2274=ORIENTED_EDGE('',*,*,#2619,.F.);
#2275=ORIENTED_EDGE('',*,*,#2630,.F.);
#2276=ORIENTED_EDGE('',*,*,#2620,.F.);
#2277=ORIENTED_EDGE('',*,*,#2629,.F.);
#2278=ORIENTED_EDGE('',*,*,#2621,.F.);
#2279=EDGE_CURVE('',#2634,#2634,#2635,.T.);
#2280=EDGE_CURVE('',#2636,#2637,#2638,.F.);
#2281=EDGE_CURVE('',#2637,#2639,#2640,.F.);
#2282=EDGE_CURVE('',#2639,#2641,#2642,.F.);
#2283=EDGE_CURVE('',#2641,#2636,#2643,.F.);
#2284=EDGE_CURVE('',#2644,#2645,#2646,.F.);
#2285=EDGE_CURVE('',#2645,#2647,#2648,.F.);
#2286=EDGE_CURVE('',#2647,#2649,#2650,.F.);
#2287=EDGE_CURVE('',#2649,#2644,#2651,.F.);
#2288=EDGE_CURVE('',#2652,#2653,#2654,.F.);
#2289=EDGE_CURVE('',#2653,#2655,#2656,.F.);
#2290=EDGE_CURVE('',#2655,#2657,#2658,.F.);
#2291=EDGE_CURVE('',#2657,#2652,#2659,.F.);
#2292=EDGE_CURVE('',#2660,#2661,#2662,.F.);
#2293=EDGE_CURVE('',#2661,#2663,#2664,.F.);
#2294=EDGE_CURVE('',#2663,#2665,#2666,.F.);
#2295=EDGE_CURVE('',#2665,#2660,#2667,.F.);
#2296=EDGE_CURVE('',#2668,#2669,#2670,.F.);
#2297=EDGE_CURVE('',#2669,#2671,#2672,.F.);
#2298=EDGE_CURVE('',#2671,#2673,#2674,.F.);
#2299=EDGE_CURVE('',#2673,#2668,#2675,.F.);
#2300=EDGE_CURVE('',#2676,#2677,#2678,.F.);
#2301=EDGE_CURVE('',#2677,#2679,#2680,.F.);
#2302=EDGE_CURVE('',#2679,#2681,#2682,.F.);
#2303=EDGE_CURVE('',#2681,#2676,#2683,.F.);
#2304=EDGE_CURVE('',#2684,#2685,#2686,.F.);
#2305=EDGE_CURVE('',#2685,#2687,#2688,.F.);
#2306=EDGE_CURVE('',#2687,#2689,#2690,.F.);
#2307=EDGE_CURVE('',#2689,#2684,#2691,.F.);
#2308=EDGE_CURVE('',#2692,#2693,#2694,.F.);
#2309=EDGE_CURVE('',#2693,#2695,#2696,.F.);
#2310=EDGE_CURVE('',#2695,#2697,#2698,.F.);
#2311=EDGE_CURVE('',#2697,#2692,#2699,.F.);
#2312=EDGE_CURVE('',#2700,#2701,#2702,.F.);
#2313=EDGE_CURVE('',#2701,#2703,#2704,.F.);
#2314=EDGE_CURVE('',#2703,#2705,#2706,.F.);
#2315=EDGE_CURVE('',#2705,#2700,#2707,.F.);
#2316=EDGE_CURVE('',#2708,#2709,#2710,.F.);
#2317=EDGE_CURVE('',#2709,#2711,#2712,.F.);
#2318=EDGE_CURVE('',#2711,#2713,#2714,.F.);
#2319=EDGE_CURVE('',#2713,#2708,#2715,.F.);
#2320=EDGE_CURVE('',#2716,#2717,#2718,.F.);
#2321=EDGE_CURVE('',#2717,#2719,#2720,.F.);
#2322=EDGE_CURVE('',#2719,#2721,#2722,.F.);
#2323=EDGE_CURVE('',#2721,#2716,#2723,.F.);
#2324=EDGE_CURVE('',#2724,#2725,#2726,.F.);
#2325=EDGE_CURVE('',#2725,#2727,#2728,.F.);
#2326=EDGE_CURVE('',#2727,#2729,#2730,.F.);
#2327=EDGE_CURVE('',#2729,#2724,#2731,.F.);
#2328=EDGE_CURVE('',#2732,#2733,#2734,.F.);
#2329=EDGE_CURVE('',#2733,#2735,#2736,.F.);
#2330=EDGE_CURVE('',#2735,#2737,#2738,.F.);
#2331=EDGE_CURVE('',#2737,#2732,#2739,.F.);
#2332=EDGE_CURVE('',#2740,#2741,#2742,.F.);
#2333=EDGE_CURVE('',#2741,#2743,#2744,.F.);
#2334=EDGE_CURVE('',#2743,#2745,#2746,.F.);
#2335=EDGE_CURVE('',#2745,#2740,#2747,.F.);
#2336=EDGE_CURVE('',#2748,#2749,#2750,.F.);
#2337=EDGE_CURVE('',#2749,#2751,#2752,.F.);
#2338=EDGE_CURVE('',#2751,#2753,#2754,.F.);
#2339=EDGE_CURVE('',#2753,#2748,#2755,.F.);
#2340=EDGE_CURVE('',#2756,#2757,#2758,.F.);
#2341=EDGE_CURVE('',#2757,#2759,#2760,.F.);
#2342=EDGE_CURVE('',#2759,#2761,#2762,.F.);
#2343=EDGE_CURVE('',#2761,#2756,#2763,.F.);
#2344=EDGE_CURVE('',#2764,#2765,#2766,.F.);
#2345=EDGE_CURVE('',#2765,#2767,#2768,.F.);
#2346=EDGE_CURVE('',#2767,#2769,#2770,.F.);
#2347=EDGE_CURVE('',#2769,#2764,#2771,.F.);
#2348=EDGE_CURVE('',#2772,#2773,#2774,.F.);
#2349=EDGE_CURVE('',#2773,#2775,#2776,.F.);
#2350=EDGE_CURVE('',#2775,#2777,#2778,.F.);
#2351=EDGE_CURVE('',#2777,#2772,#2779,.F.);
#2352=EDGE_CURVE('',#2780,#2781,#2782,.F.);
#2353=EDGE_CURVE('',#2781,#2783,#2784,.F.);
#2354=EDGE_CURVE('',#2783,#2785,#2786,.F.);
#2355=EDGE_CURVE('',#2785,#2780,#2787,.F.);
#2356=EDGE_CURVE('',#2788,#2789,#2790,.F.);
#2357=EDGE_CURVE('',#2789,#2791,#2792,.F.);
#2358=EDGE_CURVE('',#2791,#2793,#2794,.F.);
#2359=EDGE_CURVE('',#2793,#2788,#2795,.F.);
#2360=EDGE_CURVE('',#2796,#2797,#2798,.F.);
#2361=EDGE_CURVE('',#2797,#2799,#2800,.F.);
#2362=EDGE_CURVE('',#2799,#2801,#2802,.F.);
#2363=EDGE_CURVE('',#2801,#2796,#2803,.F.);
#2364=EDGE_CURVE('',#2804,#2805,#2806,.F.);
#2365=EDGE_CURVE('',#2805,#2807,#2808,.F.);
#2366=EDGE_CURVE('',#2807,#2809,#2810,.F.);
#2367=EDGE_CURVE('',#2809,#2804,#2811,.F.);
#2368=EDGE_CURVE('',#2812,#2813,#2814,.F.);
#2369=EDGE_CURVE('',#2813,#2815,#2816,.F.);
#2370=EDGE_CURVE('',#2815,#2817,#2818,.F.);
#2371=EDGE_CURVE('',#2817,#2812,#2819,.F.);
#2372=EDGE_CURVE('',#2820,#2821,#2822,.F.);
#2373=EDGE_CURVE('',#2821,#2823,#2824,.F.);
#2374=EDGE_CURVE('',#2823,#2825,#2826,.F.);
#2375=EDGE_CURVE('',#2825,#2820,#2827,.F.);
#2376=EDGE_CURVE('',#2828,#2828,#2829,.F.);
#2377=EDGE_CURVE('',#2830,#2830,#2831,.F.);
#2378=EDGE_CURVE('',#2832,#2832,#2833,.F.);
#2379=EDGE_CURVE('',#2834,#2834,#2835,.F.);
#2380=EDGE_CURVE('',#2836,#2836,#2837,.F.);
#2381=EDGE_CURVE('',#2838,#2838,#2839,.T.);
#2382=EDGE_CURVE('',#2840,#2841,#2842,.F.);
#2383=EDGE_CURVE('',#2841,#2843,#2844,.F.);
#2384=EDGE_CURVE('',#2843,#2845,#2846,.F.);
#2385=EDGE_CURVE('',#2845,#2840,#2847,.F.);
#2386=EDGE_CURVE('',#2848,#2849,#2850,.F.);
#2387=EDGE_CURVE('',#2849,#2851,#2852,.F.);
#2388=EDGE_CURVE('',#2851,#2853,#2854,.F.);
#2389=EDGE_CURVE('',#2853,#2848,#2855,.F.);
#2390=EDGE_CURVE('',#2856,#2857,#2858,.F.);
#2391=EDGE_CURVE('',#2857,#2859,#2860,.F.);
#2392=EDGE_CURVE('',#2859,#2861,#2862,.F.);
#2393=EDGE_CURVE('',#2861,#2856,#2863,.F.);
#2394=EDGE_CURVE('',#2864,#2865,#2866,.F.);
#2395=EDGE_CURVE('',#2865,#2867,#2868,.F.);
#2396=EDGE_CURVE('',#2867,#2869,#2870,.F.);
#2397=EDGE_CURVE('',#2869,#2864,#2871,.F.);
#2398=EDGE_CURVE('',#2872,#2873,#2874,.F.);
#2399=EDGE_CURVE('',#2873,#2875,#2876,.F.);
#2400=EDGE_CURVE('',#2875,#2877,#2878,.F.);
#2401=EDGE_CURVE('',#2877,#2872,#2879,.F.);
#2402=EDGE_CURVE('',#2880,#2881,#2882,.F.);
#2403=EDGE_CURVE('',#2881,#2883,#2884,.F.);
#2404=EDGE_CURVE('',#2883,#2885,#2886,.F.);
#2405=EDGE_CURVE('',#2885,#2880,#2887,.F.);
#2406=EDGE_CURVE('',#2888,#2889,#2890,.F.);
#2407=EDGE_CURVE('',#2889,#2891,#2892,.F.);
#2408=EDGE_CURVE('',#2891,#2893,#2894,.F.);
#2409=EDGE_CURVE('',#2893,#2888,#2895,.F.);
#2410=EDGE_CURVE('',#2896,#2897,#2898,.F.);
#2411=EDGE_CURVE('',#2897,#2899,#2900,.F.);
#2412=EDGE_CURVE('',#2899,#2901,#2902,.F.);
#2413=EDGE_CURVE('',#2901,#2896,#2903,.F.);
#2414=EDGE_CURVE('',#2904,#2905,#2906,.F.);
#2415=EDGE_CURVE('',#2905,#2907,#2908,.F.);
#2416=EDGE_CURVE('',#2907,#2909,#2910,.F.);
#2417=EDGE_CURVE('',#2909,#2904,#2911,.F.);
#2418=EDGE_CURVE('',#2912,#2913,#2914,.F.);
#2419=EDGE_CURVE('',#2913,#2915,#2916,.F.);
#2420=EDGE_CURVE('',#2915,#2917,#2918,.F.);
#2421=EDGE_CURVE('',#2917,#2912,#2919,.F.);
#2422=EDGE_CURVE('',#2920,#2921,#2922,.F.);
#2423=EDGE_CURVE('',#2921,#2923,#2924,.F.);
#2424=EDGE_CURVE('',#2923,#2925,#2926,.F.);
#2425=EDGE_CURVE('',#2925,#2920,#2927,.F.);
#2426=EDGE_CURVE('',#2928,#2929,#2930,.F.);
#2427=EDGE_CURVE('',#2929,#2931,#2932,.F.);
#2428=EDGE_CURVE('',#2931,#2933,#2934,.F.);
#2429=EDGE_CURVE('',#2933,#2928,#2935,.F.);
#2430=EDGE_CURVE('',#2936,#2937,#2938,.F.);
#2431=EDGE_CURVE('',#2937,#2939,#2940,.F.);
#2432=EDGE_CURVE('',#2939,#2941,#2942,.F.);
#2433=EDGE_CURVE('',#2941,#2936,#2943,.F.);
#2434=EDGE_CURVE('',#2944,#2945,#2946,.F.);
#2435=EDGE_CURVE('',#2945,#2947,#2948,.F.);
#2436=EDGE_CURVE('',#2947,#2949,#2950,.F.);
#2437=EDGE_CURVE('',#2949,#2944,#2951,.F.);
#2438=EDGE_CURVE('',#2952,#2953,#2954,.F.);
#2439=EDGE_CURVE('',#2953,#2955,#2956,.F.);
#2440=EDGE_CURVE('',#2955,#2957,#2958,.F.);
#2441=EDGE_CURVE('',#2957,#2952,#2959,.F.);
#2442=EDGE_CURVE('',#2960,#2961,#2962,.F.);
#2443=EDGE_CURVE('',#2961,#2963,#2964,.F.);
#2444=EDGE_CURVE('',#2963,#2965,#2966,.F.);
#2445=EDGE_CURVE('',#2965,#2960,#2967,.F.);
#2446=EDGE_CURVE('',#2968,#2969,#2970,.F.);
#2447=EDGE_CURVE('',#2969,#2971,#2972,.F.);
#2448=EDGE_CURVE('',#2971,#2973,#2974,.F.);
#2449=EDGE_CURVE('',#2973,#2968,#2975,.F.);
#2450=EDGE_CURVE('',#2976,#2977,#2978,.F.);
#2451=EDGE_CURVE('',#2977,#2979,#2980,.F.);
#2452=EDGE_CURVE('',#2979,#2981,#2982,.F.);
#2453=EDGE_CURVE('',#2981,#2976,#2983,.F.);
#2454=EDGE_CURVE('',#2984,#2985,#2986,.F.);
#2455=EDGE_CURVE('',#2985,#2987,#2988,.F.);
#2456=EDGE_CURVE('',#2987,#2989,#2990,.F.);
#2457=EDGE_CURVE('',#2989,#2984,#2991,.F.);
#2458=EDGE_CURVE('',#2992,#2993,#2994,.F.);
#2459=EDGE_CURVE('',#2993,#2995,#2996,.F.);
#2460=EDGE_CURVE('',#2995,#2997,#2998,.F.);
#2461=EDGE_CURVE('',#2997,#2992,#2999,.F.);
#2462=EDGE_CURVE('',#3000,#3001,#3002,.F.);
#2463=EDGE_CURVE('',#3001,#3003,#3004,.F.);
#2464=EDGE_CURVE('',#3003,#3005,#3006,.F.);
#2465=EDGE_CURVE('',#3005,#3000,#3007,.F.);
#2466=EDGE_CURVE('',#3008,#3009,#3010,.F.);
#2467=EDGE_CURVE('',#3009,#3011,#3012,.F.);
#2468=EDGE_CURVE('',#3011,#3013,#3014,.F.);
#2469=EDGE_CURVE('',#3013,#3008,#3015,.F.);
#2470=EDGE_CURVE('',#3016,#3017,#3018,.F.);
#2471=EDGE_CURVE('',#3017,#3019,#3020,.F.);
#2472=EDGE_CURVE('',#3019,#3021,#3022,.F.);
#2473=EDGE_CURVE('',#3021,#3016,#3023,.F.);
#2474=EDGE_CURVE('',#3024,#3025,#3026,.F.);
#2475=EDGE_CURVE('',#3025,#3027,#3028,.F.);
#2476=EDGE_CURVE('',#3027,#3029,#3030,.F.);
#2477=EDGE_CURVE('',#3029,#3024,#3031,.F.);
#2478=EDGE_CURVE('',#3032,#3032,#3033,.T.);
#2479=EDGE_CURVE('',#3034,#3034,#3035,.T.);
#2480=EDGE_CURVE('',#3036,#3036,#3037,.T.);
#2481=EDGE_CURVE('',#3038,#3038,#3039,.T.);
#2482=EDGE_CURVE('',#3040,#3040,#3041,.T.);
#2483=EDGE_CURVE('',#3042,#3042,#3043,.T.);
#2484=EDGE_CURVE('',#3044,#3044,#3045,.T.);
#2485=EDGE_CURVE('',#3046,#3046,#3047,.T.);
#2486=EDGE_CURVE('',#3048,#3048,#3049,.T.);
#2487=EDGE_CURVE('',#3050,#3050,#3051,.T.);
#2488=EDGE_CURVE('',#3052,#3052,#3053,.T.);
#2489=EDGE_CURVE('',#3054,#3054,#3055,.T.);
#2490=EDGE_CURVE('',#3056,#3056,#3057,.T.);
#2491=EDGE_CURVE('',#3029,#2823,#3058,.T.);
#2492=EDGE_CURVE('',#3024,#2821,#3059,.T.);
#2493=EDGE_CURVE('',#3027,#2825,#3060,.T.);
#2494=EDGE_CURVE('',#3025,#2820,#3061,.T.);
#2495=EDGE_CURVE('',#3021,#2815,#3062,.T.);
#2496=EDGE_CURVE('',#3016,#2813,#3063,.T.);
#2497=EDGE_CURVE('',#3019,#2817,#3064,.T.);
#2498=EDGE_CURVE('',#3017,#2812,#3065,.T.);
#2499=EDGE_CURVE('',#3013,#2807,#3066,.T.);
#2500=EDGE_CURVE('',#3008,#2805,#3067,.T.);
#2501=EDGE_CURVE('',#3011,#2809,#3068,.T.);
#2502=EDGE_CURVE('',#3009,#2804,#3069,.T.);
#2503=EDGE_CURVE('',#3005,#2799,#3070,.T.);
#2504=EDGE_CURVE('',#3000,#2797,#3071,.T.);
#2505=EDGE_CURVE('',#3003,#2801,#3072,.T.);
#2506=EDGE_CURVE('',#3001,#2796,#3073,.T.);
#2507=EDGE_CURVE('',#2997,#2791,#3074,.T.);
#2508=EDGE_CURVE('',#2992,#2789,#3075,.T.);
#2509=EDGE_CURVE('',#2995,#2793,#3076,.T.);
#2510=EDGE_CURVE('',#2993,#2788,#3077,.T.);
#2511=EDGE_CURVE('',#2989,#2783,#3078,.T.);
#2512=EDGE_CURVE('',#2984,#2781,#3079,.T.);
#2513=EDGE_CURVE('',#2987,#2785,#3080,.T.);
#2514=EDGE_CURVE('',#2985,#2780,#3081,.T.);
#2515=EDGE_CURVE('',#2981,#2775,#3082,.T.);
#2516=EDGE_CURVE('',#2976,#2773,#3083,.T.);
#2517=EDGE_CURVE('',#2979,#2777,#3084,.T.);
#2518=EDGE_CURVE('',#2977,#2772,#3085,.T.);
#2519=EDGE_CURVE('',#2973,#2767,#3086,.T.);
#2520=EDGE_CURVE('',#2968,#2765,#3087,.T.);
#2521=EDGE_CURVE('',#2971,#2769,#3088,.T.);
#2522=EDGE_CURVE('',#2969,#2764,#3089,.T.);
#2523=EDGE_CURVE('',#2965,#2759,#3090,.T.);
#2524=EDGE_CURVE('',#2960,#2757,#3091,.T.);
#2525=EDGE_CURVE('',#2963,#2761,#3092,.T.);
#2526=EDGE_CURVE('',#2961,#2756,#3093,.T.);
#2527=EDGE_CURVE('',#2957,#2751,#3094,.T.);
#2528=EDGE_CURVE('',#2952,#2749,#3095,.T.);
#2529=EDGE_CURVE('',#2955,#2753,#3096,.T.);
#2530=EDGE_CURVE('',#2953,#2748,#3097,.T.);
#2531=EDGE_CURVE('',#2949,#2743,#3098,.T.);
#2532=EDGE_CURVE('',#2944,#2741,#3099,.T.);
#2533=EDGE_CURVE('',#2947,#2745,#3100,.T.);
#2534=EDGE_CURVE('',#2945,#2740,#3101,.T.);
#2535=EDGE_CURVE('',#2941,#2735,#3102,.T.);
#2536=EDGE_CURVE('',#2936,#2733,#3103,.T.);
#2537=EDGE_CURVE('',#2939,#2737,#3104,.T.);
#2538=EDGE_CURVE('',#2937,#2732,#3105,.T.);
#2539=EDGE_CURVE('',#2933,#2727,#3106,.T.);
#2540=EDGE_CURVE('',#2928,#2725,#3107,.T.);
#2541=EDGE_CURVE('',#2931,#2729,#3108,.T.);
#2542=EDGE_CURVE('',#2929,#2724,#3109,.T.);
#2543=EDGE_CURVE('',#2925,#2719,#3110,.T.);
#2544=EDGE_CURVE('',#2920,#2717,#3111,.T.);
#2545=EDGE_CURVE('',#2923,#2721,#3112,.T.);
#2546=EDGE_CURVE('',#2921,#2716,#3113,.T.);
#2547=EDGE_CURVE('',#2917,#2711,#3114,.T.);
#2548=EDGE_CURVE('',#2912,#2709,#3115,.T.);
#2549=EDGE_CURVE('',#2915,#2713,#3116,.T.);
#2550=EDGE_CURVE('',#2913,#2708,#3117,.T.);
#2551=EDGE_CURVE('',#2909,#2703,#3118,.T.);
#2552=EDGE_CURVE('',#2904,#2701,#3119,.T.);
#2553=EDGE_CURVE('',#2907,#2705,#3120,.T.);
#2554=EDGE_CURVE('',#2905,#2700,#3121,.T.);
#2555=EDGE_CURVE('',#2901,#2695,#3122,.T.);
#2556=EDGE_CURVE('',#2896,#2693,#3123,.T.);
#2557=EDGE_CURVE('',#2899,#2697,#3124,.T.);
#2558=EDGE_CURVE('',#2897,#2692,#3125,.T.);
#2559=EDGE_CURVE('',#2893,#2687,#3126,.T.);
#2560=EDGE_CURVE('',#2888,#2685,#3127,.T.);
#2561=EDGE_CURVE('',#2891,#2689,#3128,.T.);
#2562=EDGE_CURVE('',#2889,#2684,#3129,.T.);
#2563=EDGE_CURVE('',#2885,#2679,#3130,.T.);
#2564=EDGE_CURVE('',#2880,#2677,#3131,.T.);
#2565=EDGE_CURVE('',#2883,#2681,#3132,.T.);
#2566=EDGE_CURVE('',#2881,#2676,#3133,.T.);
#2567=EDGE_CURVE('',#2877,#2671,#3134,.T.);
#2568=EDGE_CURVE('',#2872,#2669,#3135,.T.);
#2569=EDGE_CURVE('',#2875,#2673,#3136,.T.);
#2570=EDGE_CURVE('',#2873,#2668,#3137,.T.);
#2571=EDGE_CURVE('',#2869,#2663,#3138,.T.);
#2572=EDGE_CURVE('',#2864,#2661,#3139,.T.);
#2573=EDGE_CURVE('',#2867,#2665,#3140,.T.);
#2574=EDGE_CURVE('',#2865,#2660,#3141,.T.);
#2575=EDGE_CURVE('',#2861,#2655,#3142,.T.);
#2576=EDGE_CURVE('',#2856,#2653,#3143,.T.);
#2577=EDGE_CURVE('',#2859,#2657,#3144,.T.);
#2578=EDGE_CURVE('',#2857,#2652,#3145,.T.);
#2579=EDGE_CURVE('',#2853,#2647,#3146,.T.);
#2580=EDGE_CURVE('',#2848,#2645,#3147,.T.);
#2581=EDGE_CURVE('',#2851,#2649,#3148,.T.);
#2582=EDGE_CURVE('',#2849,#2644,#3149,.T.);
#2583=EDGE_CURVE('',#2845,#2639,#3150,.T.);
#2584=EDGE_CURVE('',#2840,#2637,#3151,.T.);
#2585=EDGE_CURVE('',#2843,#2641,#3152,.T.);
#2586=EDGE_CURVE('',#2841,#2636,#3153,.T.);
#2587=EDGE_CURVE('',#3154,#3154,#3155,.T.);
#2588=EDGE_CURVE('',#3156,#3156,#3157,.F.);
#2589=EDGE_CURVE('',#3158,#3158,#3159,.F.);
#2590=EDGE_CURVE('',#3160,#3160,#3161,.F.);
#2591=EDGE_CURVE('',#3162,#3162,#3163,.F.);
#2592=EDGE_CURVE('',#3164,#3164,#3165,.F.);
#2593=EDGE_CURVE('',#3166,#3166,#3167,.F.);
#2594=EDGE_CURVE('',#3168,#3168,#3169,.F.);
#2595=EDGE_CURVE('',#3170,#3170,#3171,.F.);
#2596=EDGE_CURVE('',#3172,#3172,#3173,.F.);
#2597=EDGE_CURVE('',#3174,#3174,#3175,.F.);
#2598=EDGE_CURVE('',#3176,#3176,#3177,.F.);
#2599=EDGE_CURVE('',#3178,#3178,#3179,.F.);
#2600=EDGE_CURVE('',#3180,#3180,#3181,.F.);
#2601=EDGE_CURVE('',#3182,#3182,#3183,.F.);
#2602=EDGE_CURVE('',#3184,#3184,#3185,.F.);
#2603=EDGE_CURVE('',#3186,#3186,#3187,.F.);
#2604=EDGE_CURVE('',#3188,#3188,#3189,.F.);
#2605=EDGE_CURVE('',#3190,#3190,#3191,.T.);
#2606=EDGE_CURVE('',#3192,#3192,#3193,.T.);
#2607=EDGE_CURVE('',#3194,#3194,#3195,.T.);
#2608=EDGE_CURVE('',#3196,#3196,#3197,.T.);
#2609=EDGE_CURVE('',#3198,#3198,#3199,.T.);
#2610=EDGE_CURVE('',#3200,#3200,#3201,.T.);
#2611=EDGE_CURVE('',#3202,#3202,#3203,.T.);
#2612=EDGE_CURVE('',#3204,#3204,#3205,.T.);
#2613=EDGE_CURVE('',#3206,#3206,#3207,.T.);
#2614=EDGE_CURVE('',#3208,#3208,#3209,.T.);
#2615=EDGE_CURVE('',#3210,#3210,#3211,.T.);
#2616=EDGE_CURVE('',#3212,#3212,#3213,.T.);
#2617=EDGE_CURVE('',#3214,#3214,#3215,.T.);
#2618=EDGE_CURVE('',#3216,#3216,#3217,.T.);
#2619=EDGE_CURVE('',#3218,#3218,#3219,.T.);
#2620=EDGE_CURVE('',#3220,#3220,#3221,.T.);
#2621=EDGE_CURVE('',#3222,#3222,#3223,.T.);
#2622=EDGE_CURVE('',#3224,#3224,#3225,.F.);
#2623=EDGE_CURVE('',#3226,#3226,#3227,.F.);
#2624=EDGE_CURVE('',#3228,#3228,#3229,.F.);
#2625=EDGE_CURVE('',#3230,#3230,#3231,.F.);
#2626=EDGE_CURVE('',#3232,#3232,#3233,.F.);
#2627=EDGE_CURVE('',#3234,#3234,#3235,.F.);
#2628=EDGE_CURVE('',#3236,#3236,#3237,.F.);
#2629=EDGE_CURVE('',#3238,#3238,#3239,.F.);
#2630=EDGE_CURVE('',#3240,#3240,#3241,.F.);
#2631=EDGE_CURVE('',#3242,#3242,#3243,.F.);
#2632=EDGE_CURVE('',#3244,#3244,#3245,.F.);
#2633=EDGE_CURVE('',#3246,#3246,#3247,.F.);
#2634=VERTEX_POINT('',#3248);
#2635=CIRCLE('',#3249,227.);
#2636=VERTEX_POINT('',#3253);
#2637=VERTEX_POINT('',#3254);
#2638=LINE('',#3255,#3256);
#2639=VERTEX_POINT('',#3258);
#2640=LINE('',#3259,#3260);
#2641=VERTEX_POINT('',#3262);
#2642=LINE('',#3263,#3264);
#2643=LINE('',#3266,#3267);
#2644=VERTEX_POINT('',#3269);
#2645=VERTEX_POINT('',#3270);
#2646=LINE('',#3271,#3272);
#2647=VERTEX_POINT('',#3274);
#2648=LINE('',#3275,#3276);
#2649=VERTEX_POINT('',#3278);
#2650=LINE('',#3279,#3280);
#2651=LINE('',#3282,#3283);
#2652=VERTEX_POINT('',#3285);
#2653=VERTEX_POINT('',#3286);
#2654=LINE('',#3287,#3288);
#2655=VERTEX_POINT('',#3290);
#2656=LINE('',#3291,#3292);
#2657=VERTEX_POINT('',#3294);
#2658=LINE('',#3295,#3296);
#2659=LINE('',#3298,#3299);
#2660=VERTEX_POINT('',#3301);
#2661=VERTEX_POINT('',#3302);
#2662=LINE('',#3303,#3304);
#2663=VERTEX_POINT('',#3306);
#2664=LINE('',#3307,#3308);
#2665=VERTEX_POINT('',#3310);
#2666=LINE('',#3311,#3312);
#2667=LINE('',#3314,#3315);
#2668=VERTEX_POINT('',#3317);
#2669=VERTEX_POINT('',#3318);
#2670=LINE('',#3319,#3320);
#2671=VERTEX_POINT('',#3322);
#2672=LINE('',#3323,#3324);
#2673=VERTEX_POINT('',#3326);
#2674=LINE('',#3327,#3328);
#2675=LINE('',#3330,#3331);
#2676=VERTEX_POINT('',#3333);
#2677=VERTEX_POINT('',#3334);
#2678=LINE('',#3335,#3336);
#2679=VERTEX_POINT('',#3338);
#2680=LINE('',#3339,#3340);
#2681=VERTEX_POINT('',#3342);
#2682=LINE('',#3343,#3344);
#2683=LINE('',#3346,#3347);
#2684=VERTEX_POINT('',#3349);
#2685=VERTEX_POINT('',#3350);
#2686=LINE('',#3351,#3352);
#2687=VERTEX_POINT('',#3354);
#2688=LINE('',#3355,#3356);
#2689=VERTEX_POINT('',#3358);
#2690=LINE('',#3359,#3360);
#2691=LINE('',#3362,#3363);
#2692=VERTEX_POINT('',#3365);
#2693=VERTEX_POINT('',#3366);
#2694=LINE('',#3367,#3368);
#2695=VERTEX_POINT('',#3370);
#2696=LINE('',#3371,#3372);
#2697=VERTEX_POINT('',#3374);
#2698=LINE('',#3375,#3376);
#2699=LINE('',#3378,#3379);
#2700=VERTEX_POINT('',#3381);
#2701=VERTEX_POINT('',#3382);
#2702=LINE('',#3383,#3384);
#2703=VERTEX_POINT('',#3386);
#2704=LINE('',#3387,#3388);
#2705=VERTEX_POINT('',#3390);
#2706=LINE('',#3391,#3392);
#2707=LINE('',#3394,#3395);
#2708=VERTEX_POINT('',#3397);
#2709=VERTEX_POINT('',#3398);
#2710=LINE('',#3399,#3400);
#2711=VERTEX_POINT('',#3402);
#2712=LINE('',#3403,#3404);
#2713=VERTEX_POINT('',#3406);
#2714=LINE('',#3407,#3408);
#2715=LINE('',#3410,#3411);
#2716=VERTEX_POINT('',#3413);
#2717=VERTEX_POINT('',#3414);
#2718=LINE('',#3415,#3416);
#2719=VERTEX_POINT('',#3418);
#2720=LINE('',#3419,#3420);
#2721=VERTEX_POINT('',#3422);
#2722=LINE('',#3423,#3424);
#2723=LINE('',#3426,#3427);
#2724=VERTEX_POINT('',#3429);
#2725=VERTEX_POINT('',#3430);
#2726=LINE('',#3431,#3432);
#2727=VERTEX_POINT('',#3434);
#2728=LINE('',#3435,#3436);
#2729=VERTEX_POINT('',#3438);
#2730=LINE('',#3439,#3440);
#2731=LINE('',#3442,#3443);
#2732=VERTEX_POINT('',#3445);
#2733=VERTEX_POINT('',#3446);
#2734=LINE('',#3447,#3448);
#2735=VERTEX_POINT('',#3450);
#2736=LINE('',#3451,#3452);
#2737=VERTEX_POINT('',#3454);
#2738=LINE('',#3455,#3456);
#2739=LINE('',#3458,#3459);
#2740=VERTEX_POINT('',#3461);
#2741=VERTEX_POINT('',#3462);
#2742=LINE('',#3463,#3464);
#2743=VERTEX_POINT('',#3466);
#2744=LINE('',#3467,#3468);
#2745=VERTEX_POINT('',#3470);
#2746=LINE('',#3471,#3472);
#2747=LINE('',#3474,#3475);
#2748=VERTEX_POINT('',#3477);
#2749=VERTEX_POINT('',#3478);
#2750=LINE('',#3479,#3480);
#2751=VERTEX_POINT('',#3482);
#2752=LINE('',#3483,#3484);
#2753=VERTEX_POINT('',#3486);
#2754=LINE('',#3487,#3488);
#2755=LINE('',#3490,#3491);
#2756=VERTEX_POINT('',#3493);
#2757=VERTEX_POINT('',#3494);
#2758=LINE('',#3495,#3496);
#2759=VERTEX_POINT('',#3498);
#2760=LINE('',#3499,#3500);
#2761=VERTEX_POINT('',#3502);
#2762=LINE('',#3503,#3504);
#2763=LINE('',#3506,#3507);
#2764=VERTEX_POINT('',#3509);
#2765=VERTEX_POINT('',#3510);
#2766=LINE('',#3511,#3512);
#2767=VERTEX_POINT('',#3514);
#2768=LINE('',#3515,#3516);
#2769=VERTEX_POINT('',#3518);
#2770=LINE('',#3519,#3520);
#2771=LINE('',#3522,#3523);
#2772=VERTEX_POINT('',#3525);
#2773=VERTEX_POINT('',#3526);
#2774=LINE('',#3527,#3528);
#2775=VERTEX_POINT('',#3530);
#2776=LINE('',#3531,#3532);
#2777=VERTEX_POINT('',#3534);
#2778=LINE('',#3535,#3536);
#2779=LINE('',#3538,#3539);
#2780=VERTEX_POINT('',#3541);
#2781=VERTEX_POINT('',#3542);
#2782=LINE('',#3543,#3544);
#2783=VERTEX_POINT('',#3546);
#2784=LINE('',#3547,#3548);
#2785=VERTEX_POINT('',#3550);
#2786=LINE('',#3551,#3552);
#2787=LINE('',#3554,#3555);
#2788=VERTEX_POINT('',#3557);
#2789=VERTEX_POINT('',#3558);
#2790=LINE('',#3559,#3560);
#2791=VERTEX_POINT('',#3562);
#2792=LINE('',#3563,#3564);
#2793=VERTEX_POINT('',#3566);
#2794=LINE('',#3567,#3568);
#2795=LINE('',#3570,#3571);
#2796=VERTEX_POINT('',#3573);
#2797=VERTEX_POINT('',#3574);
#2798=LINE('',#3575,#3576);
#2799=VERTEX_POINT('',#3578);
#2800=LINE('',#3579,#3580);
#2801=VERTEX_POINT('',#3582);
#2802=LINE('',#3583,#3584);
#2803=LINE('',#3586,#3587);
#2804=VERTEX_POINT('',#3589);
#2805=VERTEX_POINT('',#3590);
#2806=LINE('',#3591,#3592);
#2807=VERTEX_POINT('',#3594);
#2808=LINE('',#3595,#3596);
#2809=VERTEX_POINT('',#3598);
#2810=LINE('',#3599,#3600);
#2811=LINE('',#3602,#3603);
#2812=VERTEX_POINT('',#3605);
#2813=VERTEX_POINT('',#3606);
#2814=LINE('',#3607,#3608);
#2815=VERTEX_POINT('',#3610);
#2816=LINE('',#3611,#3612);
#2817=VERTEX_POINT('',#3614);
#2818=LINE('',#3615,#3616);
#2819=LINE('',#3618,#3619);
#2820=VERTEX_POINT('',#3621);
#2821=VERTEX_POINT('',#3622);
#2822=LINE('',#3623,#3624);
#2823=VERTEX_POINT('',#3626);
#2824=LINE('',#3627,#3628);
#2825=VERTEX_POINT('',#3630);
#2826=LINE('',#3631,#3632);
#2827=LINE('',#3634,#3635);
#2828=VERTEX_POINT('',#3637);
#2829=CIRCLE('',#3638,25.);
#2830=VERTEX_POINT('',#3642);
#2831=CIRCLE('',#3643,43.);
#2832=VERTEX_POINT('',#3647);
#2833=CIRCLE('',#3648,43.);
#2834=VERTEX_POINT('',#3652);
#2835=CIRCLE('',#3653,43.);
#2836=VERTEX_POINT('',#3657);
#2837=CIRCLE('',#3658,43.);
#2838=VERTEX_POINT('',#3662);
#2839=CIRCLE('',#3663,210.);
#2840=VERTEX_POINT('',#3667);
#2841=VERTEX_POINT('',#3668);
#2842=LINE('',#3669,#3670);
#2843=VERTEX_POINT('',#3672);
#2844=LINE('',#3673,#3674);
#2845=VERTEX_POINT('',#3676);
#2846=LINE('',#3677,#3678);
#2847=LINE('',#3680,#3681);
#2848=VERTEX_POINT('',#3683);
#2849=VERTEX_POINT('',#3684);
#2850=LINE('',#3685,#3686);
#2851=VERTEX_POINT('',#3688);
#2852=LINE('',#3689,#3690);
#2853=VERTEX_POINT('',#3692);
#2854=LINE('',#3693,#3694);
#2855=LINE('',#3696,#3697);
#2856=VERTEX_POINT('',#3699);
#2857=VERTEX_POINT('',#3700);
#2858=LINE('',#3701,#3702);
#2859=VERTEX_POINT('',#3704);
#2860=LINE('',#3705,#3706);
#2861=VERTEX_POINT('',#3708);
#2862=LINE('',#3709,#3710);
#2863=LINE('',#3712,#3713);
#2864=VERTEX_POINT('',#3715);
#2865=VERTEX_POINT('',#3716);
#2866=LINE('',#3717,#3718);
#2867=VERTEX_POINT('',#3720);
#2868=LINE('',#3721,#3722);
#2869=VERTEX_POINT('',#3724);
#2870=LINE('',#3725,#3726);
#2871=LINE('',#3728,#3729);
#2872=VERTEX_POINT('',#3731);
#2873=VERTEX_POINT('',#3732);
#2874=LINE('',#3733,#3734);
#2875=VERTEX_POINT('',#3736);
#2876=LINE('',#3737,#3738);
#2877=VERTEX_POINT('',#3740);
#2878=LINE('',#3741,#3742);
#2879=LINE('',#3744,#3745);
#2880=VERTEX_POINT('',#3747);
#2881=VERTEX_POINT('',#3748);
#2882=LINE('',#3749,#3750);
#2883=VERTEX_POINT('',#3752);
#2884=LINE('',#3753,#3754);
#2885=VERTEX_POINT('',#3756);
#2886=LINE('',#3757,#3758);
#2887=LINE('',#3760,#3761);
#2888=VERTEX_POINT('',#3763);
#2889=VERTEX_POINT('',#3764);
#2890=LINE('',#3765,#3766);
#2891=VERTEX_POINT('',#3768);
#2892=LINE('',#3769,#3770);
#2893=VERTEX_POINT('',#3772);
#2894=LINE('',#3773,#3774);
#2895=LINE('',#3776,#3777);
#2896=VERTEX_POINT('',#3779);
#2897=VERTEX_POINT('',#3780);
#2898=LINE('',#3781,#3782);
#2899=VERTEX_POINT('',#3784);
#2900=LINE('',#3785,#3786);
#2901=VERTEX_POINT('',#3788);
#2902=LINE('',#3789,#3790);
#2903=LINE('',#3792,#3793);
#2904=VERTEX_POINT('',#3795);
#2905=VERTEX_POINT('',#3796);
#2906=LINE('',#3797,#3798);
#2907=VERTEX_POINT('',#3800);
#2908=LINE('',#3801,#3802);
#2909=VERTEX_POINT('',#3804);
#2910=LINE('',#3805,#3806);
#2911=LINE('',#3808,#3809);
#2912=VERTEX_POINT('',#3811);
#2913=VERTEX_POINT('',#3812);
#2914=LINE('',#3813,#3814);
#2915=VERTEX_POINT('',#3816);
#2916=LINE('',#3817,#3818);
#2917=VERTEX_POINT('',#3820);
#2918=LINE('',#3821,#3822);
#2919=LINE('',#3824,#3825);
#2920=VERTEX_POINT('',#3827);
#2921=VERTEX_POINT('',#3828);
#2922=LINE('',#3829,#3830);
#2923=VERTEX_POINT('',#3832);
#2924=LINE('',#3833,#3834);
#2925=VERTEX_POINT('',#3836);
#2926=LINE('',#3837,#3838);
#2927=LINE('',#3840,#3841);
#2928=VERTEX_POINT('',#3843);
#2929=VERTEX_POINT('',#3844);
#2930=LINE('',#3845,#3846);
#2931=VERTEX_POINT('',#3848);
#2932=LINE('',#3849,#3850);
#2933=VERTEX_POINT('',#3852);
#2934=LINE('',#3853,#3854);
#2935=LINE('',#3856,#3857);
#2936=VERTEX_POINT('',#3859);
#2937=VERTEX_POINT('',#3860);
#2938=LINE('',#3861,#3862);
#2939=VERTEX_POINT('',#3864);
#2940=LINE('',#3865,#3866);
#2941=VERTEX_POINT('',#3868);
#2942=LINE('',#3869,#3870);
#2943=LINE('',#3872,#3873);
#2944=VERTEX_POINT('',#3875);
#2945=VERTEX_POINT('',#3876);
#2946=LINE('',#3877,#3878);
#2947=VERTEX_POINT('',#3880);
#2948=LINE('',#3881,#3882);
#2949=VERTEX_POINT('',#3884);
#2950=LINE('',#3885,#3886);
#2951=LINE('',#3888,#3889);
#2952=VERTEX_POINT('',#3891);
#2953=VERTEX_POINT('',#3892);
#2954=LINE('',#3893,#3894);
#2955=VERTEX_POINT('',#3896);
#2956=LINE('',#3897,#3898);
#2957=VERTEX_POINT('',#3900);
#2958=LINE('',#3901,#3902);
#2959=LINE('',#3904,#3905);
#2960=VERTEX_POINT('',#3907);
#2961=VERTEX_POINT('',#3908);
#2962=LINE('',#3909,#3910);
#2963=VERTEX_POINT('',#3912);
#2964=LINE('',#3913,#3914);
#2965=VERTEX_POINT('',#3916);
#2966=LINE('',#3917,#3918);
#2967=LINE('',#3920,#3921);
#2968=VERTEX_POINT('',#3923);
#2969=VERTEX_POINT('',#3924);
#2970=LINE('',#3925,#3926);
#2971=VERTEX_POINT('',#3928);
#2972=LINE('',#3929,#3930);
#2973=VERTEX_POINT('',#3932);
#2974=LINE('',#3933,#3934);
#2975=LINE('',#3936,#3937);
#2976=VERTEX_POINT('',#3939);
#2977=VERTEX_POINT('',#3940);
#2978=LINE('',#3941,#3942);
#2979=VERTEX_POINT('',#3944);
#2980=LINE('',#3945,#3946);
#2981=VERTEX_POINT('',#3948);
#2982=LINE('',#3949,#3950);
#2983=LINE('',#3952,#3953);
#2984=VERTEX_POINT('',#3955);
#2985=VERTEX_POINT('',#3956);
#2986=LINE('',#3957,#3958);
#2987=VERTEX_POINT('',#3960);
#2988=LINE('',#3961,#3962);
#2989=VERTEX_POINT('',#3964);
#2990=LINE('',#3965,#3966);
#2991=LINE('',#3968,#3969);
#2992=VERTEX_POINT('',#3971);
#2993=VERTEX_POINT('',#3972);
#2994=LINE('',#3973,#3974);
#2995=VERTEX_POINT('',#3976);
#2996=LINE('',#3977,#3978);
#2997=VERTEX_POINT('',#3980);
#2998=LINE('',#3981,#3982);
#2999=LINE('',#3984,#3985);
#3000=VERTEX_POINT('',#3987);
#3001=VERTEX_POINT('',#3988);
#3002=LINE('',#3989,#3990);
#3003=VERTEX_POINT('',#3992);
#3004=LINE('',#3993,#3994);
#3005=VERTEX_POINT('',#3996);
#3006=LINE('',#3997,#3998);
#3007=LINE('',#4000,#4001);
#3008=VERTEX_POINT('',#4003);
#3009=VERTEX_POINT('',#4004);
#3010=LINE('',#4005,#4006);
#3011=VERTEX_POINT('',#4008);
#3012=LINE('',#4009,#4010);
#3013=VERTEX_POINT('',#4012);
#3014=LINE('',#4013,#4014);
#3015=LINE('',#4016,#4017);
#3016=VERTEX_POINT('',#4019);
#3017=VERTEX_POINT('',#4020);
#3018=LINE('',#4021,#4022);
#3019=VERTEX_POINT('',#4024);
#3020=LINE('',#4025,#4026);
#3021=VERTEX_POINT('',#4028);
#3022=LINE('',#4029,#4030);
#3023=LINE('',#4032,#4033);
#3024=VERTEX_POINT('',#4035);
#3025=VERTEX_POINT('',#4036);
#3026=LINE('',#4037,#4038);
#3027=VERTEX_POINT('',#4040);
#3028=LINE('',#4041,#4042);
#3029=VERTEX_POINT('',#4044);
#3030=LINE('',#4045,#4046);
#3031=LINE('',#4048,#4049);
#3032=VERTEX_POINT('',#4051);
#3033=CIRCLE('',#4052,25.);
#3034=VERTEX_POINT('',#4056);
#3035=CIRCLE('',#4057,1.5);
#3036=VERTEX_POINT('',#4061);
#3037=CIRCLE('',#4062,1.5);
#3038=VERTEX_POINT('',#4066);
#3039=CIRCLE('',#4067,1.5);
#3040=VERTEX_POINT('',#4071);
#3041=CIRCLE('',#4072,1.5);
#3042=VERTEX_POINT('',#4076);
#3043=CIRCLE('',#4077,1.5);
#3044=VERTEX_POINT('',#4081);
#3045=CIRCLE('',#4082,1.5);
#3046=VERTEX_POINT('',#4086);
#3047=CIRCLE('',#4087,1.5);
#3048=VERTEX_POINT('',#4091);
#3049=CIRCLE('',#4092,1.5);
#3050=VERTEX_POINT('',#4096);
#3051=CIRCLE('',#4097,1.5);
#3052=VERTEX_POINT('',#4101);
#3053=CIRCLE('',#4102,1.5);
#3054=VERTEX_POINT('',#4106);
#3055=CIRCLE('',#4107,1.5);
#3056=VERTEX_POINT('',#4111);
#3057=CIRCLE('',#4112,1.5);
#3058=LINE('',#4116,#4117);
#3059=LINE('',#4119,#4120);
#3060=LINE('',#4122,#4123);
#3061=LINE('',#4125,#4126);
#3062=LINE('',#4128,#4129);
#3063=LINE('',#4131,#4132);
#3064=LINE('',#4134,#4135);
#3065=LINE('',#4137,#4138);
#3066=LINE('',#4140,#4141);
#3067=LINE('',#4143,#4144);
#3068=LINE('',#4146,#4147);
#3069=LINE('',#4149,#4150);
#3070=LINE('',#4152,#4153);
#3071=LINE('',#4155,#4156);
#3072=LINE('',#4158,#4159);
#3073=LINE('',#4161,#4162);
#3074=LINE('',#4164,#4165);
#3075=LINE('',#4167,#4168);
#3076=LINE('',#4170,#4171);
#3077=LINE('',#4173,#4174);
#3078=LINE('',#4176,#4177);
#3079=LINE('',#4179,#4180);
#3080=LINE('',#4182,#4183);
#3081=LINE('',#4185,#4186);
#3082=LINE('',#4188,#4189);
#3083=LINE('',#4191,#4192);
#3084=LINE('',#4194,#4195);
#3085=LINE('',#4197,#4198);
#3086=LINE('',#4200,#4201);
#3087=LINE('',#4203,#4204);
#3088=LINE('',#4206,#4207);
#3089=LINE('',#4209,#4210);
#3090=LINE('',#4212,#4213);
#3091=LINE('',#4215,#4216);
#3092=LINE('',#4218,#4219);
#3093=LINE('',#4221,#4222);
#3094=LINE('',#4224,#4225);
#3095=LINE('',#4227,#4228);
#3096=LINE('',#4230,#4231);
#3097=LINE('',#4233,#4234);
#3098=LINE('',#4236,#4237);
#3099=LINE('',#4239,#4240);
#3100=LINE('',#4242,#4243);
#3101=LINE('',#4245,#4246);
#3102=LINE('',#4248,#4249);
#3103=LINE('',#4251,#4252);
#3104=LINE('',#4254,#4255);
#3105=LINE('',#4257,#4258);
#3106=LINE('',#4260,#4261);
#3107=LINE('',#4263,#4264);
#3108=LINE('',#4266,#4267);
#3109=LINE('',#4269,#4270);
#3110=LINE('',#4272,#4273);
#3111=LINE('',#4275,#4276);
#3112=LINE('',#4278,#4279);
#3113=LINE('',#4281,#4282);
#3114=LINE('',#4284,#4285);
#3115=LINE('',#4287,#4288);
#3116=LINE('',#4290,#4291);
#3117=LINE('',#4293,#4294);
#3118=LINE('',#4296,#4297);
#3119=LINE('',#4299,#4300);
#3120=LINE('',#4302,#4303);
#3121=LINE('',#4305,#4306);
#3122=LINE('',#4308,#4309);
#3123=LINE('',#4311,#4312);
#3124=LINE('',#4314,#4315);
#3125=LINE('',#4317,#4318);
#3126=LINE('',#4320,#4321);
#3127=LINE('',#4323,#4324);
#3128=LINE('',#4326,#4327);
#3129=LINE('',#4329,#4330);
#3130=LINE('',#4332,#4333);
#3131=LINE('',#4335,#4336);
#3132=LINE('',#4338,#4339);
#3133=LINE('',#4341,#4342);
#3134=LINE('',#4344,#4345);
#3135=LINE('',#4347,#4348);
#3136=LINE('',#4350,#4351);
#3137=LINE('',#4353,#4354);
#3138=LINE('',#4356,#4357);
#3139=LINE('',#4359,#4360);
#3140=LINE('',#4362,#4363);
#3141=LINE('',#4365,#4366);
#3142=LINE('',#4368,#4369);
#3143=LINE('',#4371,#4372);
#3144=LINE('',#4374,#4375);
#3145=LINE('',#4377,#4378);
#3146=LINE('',#4380,#4381);
#3147=LINE('',#4383,#4384);
#3148=LINE('',#4386,#4387);
#3149=LINE('',#4389,#4390);
#3150=LINE('',#4392,#4393);
#3151=LINE('',#4395,#4396);
#3152=LINE('',#4398,#4399);
#3153=LINE('',#4401,#4402);
#3154=VERTEX_POINT('',#4404);
#3155=CIRCLE('',#4405,230.);
#3156=VERTEX_POINT('',#4409);
#3157=CIRCLE('',#4410,40.);
#3158=VERTEX_POINT('',#4414);
#3159=CIRCLE('',#4415,40.);
#3160=VERTEX_POINT('',#4419);
#3161=CIRCLE('',#4420,40.);
#3162=VERTEX_POINT('',#4424);
#3163=CIRCLE('',#4425,40.);
#3164=VERTEX_POINT('',#4429);
#3165=CIRCLE('',#4430,210.);
#3166=VERTEX_POINT('',#4434);
#3167=CIRCLE('',#4435,1.5);
#3168=VERTEX_POINT('',#4439);
#3169=CIRCLE('',#4440,1.5);
#3170=VERTEX_POINT('',#4444);
#3171=CIRCLE('',#4445,1.5);
#3172=VERTEX_POINT('',#4449);
#3173=CIRCLE('',#4450,1.5);
#3174=VERTEX_POINT('',#4454);
#3175=CIRCLE('',#4455,1.5);
#3176=VERTEX_POINT('',#4459);
#3177=CIRCLE('',#4460,1.5);
#3178=VERTEX_POINT('',#4464);
#3179=CIRCLE('',#4465,1.5);
#3180=VERTEX_POINT('',#4469);
#3181=CIRCLE('',#4470,1.5);
#3182=VERTEX_POINT('',#4474);
#3183=CIRCLE('',#4475,1.5);
#3184=VERTEX_POINT('',#4479);
#3185=CIRCLE('',#4480,1.5);
#3186=VERTEX_POINT('',#4484);
#3187=CIRCLE('',#4485,1.5);
#3188=VERTEX_POINT('',#4489);
#3189=CIRCLE('',#4490,1.5);
#3190=VERTEX_POINT('',#4494);
#3191=CIRCLE('',#4495,230.);
#3192=VERTEX_POINT('',#4499);
#3193=CIRCLE('',#4500,40.);
#3194=VERTEX_POINT('',#4504);
#3195=CIRCLE('',#4505,40.);
#3196=VERTEX_POINT('',#4509);
#3197=CIRCLE('',#4510,40.);
#3198=VERTEX_POINT('',#4514);
#3199=CIRCLE('',#4515,40.);
#3200=VERTEX_POINT('',#4519);
#3201=CIRCLE('',#4520,3.);
#3202=VERTEX_POINT('',#4524);
#3203=CIRCLE('',#4525,3.);
#3204=VERTEX_POINT('',#4529);
#3205=CIRCLE('',#4530,3.);
#3206=VERTEX_POINT('',#4534);
#3207=CIRCLE('',#4535,3.);
#3208=VERTEX_POINT('',#4539);
#3209=CIRCLE('',#4540,3.);
#3210=VERTEX_POINT('',#4544);
#3211=CIRCLE('',#4545,3.);
#3212=VERTEX_POINT('',#4549);
#3213=CIRCLE('',#4550,3.);
#3214=VERTEX_POINT('',#4554);
#3215=CIRCLE('',#4555,3.);
#3216=VERTEX_POINT('',#4559);
#3217=CIRCLE('',#4560,3.);
#3218=VERTEX_POINT('',#4564);
#3219=CIRCLE('',#4565,3.);
#3220=VERTEX_POINT('',#4569);
#3221=CIRCLE('',#4570,3.);
#3222=VERTEX_POINT('',#4574);
#3223=CIRCLE('',#4575,3.);
#3224=VERTEX_POINT('',#4579);
#3225=CIRCLE('',#4580,3.);
#3226=VERTEX_POINT('',#4584);
#3227=CIRCLE('',#4585,3.);
#3228=VERTEX_POINT('',#4589);
#3229=CIRCLE('',#4590,3.);
#3230=VERTEX_POINT('',#4594);
#3231=CIRCLE('',#4595,3.);
#3232=VERTEX_POINT('',#4599);
#3233=CIRCLE('',#4600,3.);
#3234=VERTEX_POINT('',#4604);
#3235=CIRCLE('',#4605,3.);
#3236=VERTEX_POINT('',#4609);
#3237=CIRCLE('',#4610,3.);
#3238=VERTEX_POINT('',#4614);
#3239=CIRCLE('',#4615,3.);
#3240=VERTEX_POINT('',#4619);
#3241=CIRCLE('',#4620,3.);
#3242=VERTEX_POINT('',#4624);
#3243=CIRCLE('',#4625,3.);
#3244=VERTEX_POINT('',#4629);
#3245=CIRCLE('',#4630,3.);
#3246=VERTEX_POINT('',#4634);
#3247=CIRCLE('',#4635,3.);
#3248=CARTESIAN_POINT('',(4.16992235109674E-14,18.,-227.));
#3249=AXIS2_PLACEMENT_3D('',#3250,#3251,#3252);
#3250=CARTESIAN_POINT('',(0.,18.,1.10218211923262E-15));
#3251=DIRECTION('',(0.,1.,6.12323399573677E-17));
#3252=DIRECTION('',(6.12323399573677E-17,6.12323399573677E-17,-1.));
#3253=CARTESIAN_POINT('',(-3.,18.,75.));
#3254=CARTESIAN_POINT('',(-3.,18.,35.));
#3255=CARTESIAN_POINT('',(-3.,18.,35.));
#3256=VECTOR('',#3257,1.);
#3257=DIRECTION('',(5.55111512312578E-17,8.88178419700125E-17,1.));
#3258=CARTESIAN_POINT('',(3.,18.,35.));
#3259=CARTESIAN_POINT('',(3.,18.,35.));
#3260=VECTOR('',#3261,1.);
#3261=DIRECTION('',(-1.,0.,0.));
#3262=CARTESIAN_POINT('',(3.,18.,75.));
#3263=CARTESIAN_POINT('',(3.,18.,75.));
#3264=VECTOR('',#3265,1.);
#3265=DIRECTION('',(-5.55111512312578E-17,-8.88178419700125E-17,-1.));
#3266=CARTESIAN_POINT('',(-3.,18.,75.));
#3267=VECTOR('',#3268,1.);
#3268=DIRECTION('',(1.,0.,0.));
#3269=CARTESIAN_POINT('',(16.5136509038219,18.,73.2208941069877));
#3270=CARTESIAN_POINT('',(6.16088909972102,18.,34.5838610554249));
#3271=CARTESIAN_POINT('',(6.16088909972102,18.,34.5838610554249));
#3272=VECTOR('',#3273,1.);
#3273=DIRECTION('',(0.258819045102521,0.,0.965925826289068));
#3274=CARTESIAN_POINT('',(11.9564440574554,18.,33.0309467848098));
#3275=CARTESIAN_POINT('',(11.9564440574554,18.,33.0309467848098));
#3276=VECTOR('',#3277,1.);
#3277=DIRECTION('',(-0.965925826289068,0.,0.25881904510252));
#3278=CARTESIAN_POINT('',(22.3092058615563,18.,71.6679798363726));
#3279=CARTESIAN_POINT('',(22.3092058615563,18.,71.6679798363726));
#3280=VECTOR('',#3281,1.);
#3281=DIRECTION('',(-0.258819045102521,0.,-0.965925826289068));
#3282=CARTESIAN_POINT('',(16.5136509038219,18.,73.2208941069877));
#3283=VECTOR('',#3284,1.);
#3284=DIRECTION('',(0.965925826289068,0.,-0.258819045102522));
#3285=CARTESIAN_POINT('',(34.9019237886467,18.,66.4519052838329));
#3286=CARTESIAN_POINT('',(14.9019237886467,18.,31.8108891324554));
#3287=CARTESIAN_POINT('',(14.9019237886467,18.,31.8108891324554));
#3288=VECTOR('',#3289,1.);
#3289=DIRECTION('',(0.5,0.,0.866025403784439));
#3290=CARTESIAN_POINT('',(20.0980762113533,18.,28.8108891324554));
#3291=CARTESIAN_POINT('',(20.0980762113533,18.,28.8108891324554));
#3292=VECTOR('',#3293,1.);
#3293=DIRECTION('',(-0.866025403784439,-5.92118946466751E-16,0.5));
#3294=CARTESIAN_POINT('',(40.0980762113533,18.,63.4519052838329));
#3295=CARTESIAN_POINT('',(40.0980762113533,18.,63.4519052838329));
#3296=VECTOR('',#3297,1.);
#3297=DIRECTION('',(-0.5,0.,-0.866025403784439));
#3298=CARTESIAN_POINT('',(34.9019237886467,18.,66.4519052838329));
#3299=VECTOR('',#3300,1.);
#3300=DIRECTION('',(0.866025403784439,0.,-0.500000000000001));
#3301=CARTESIAN_POINT('',(50.9116882454314,18.,55.1543289325507));
#3302=CARTESIAN_POINT('',(22.6274169979695,18.,26.8700576850888));
#3303=CARTESIAN_POINT('',(22.6274169979695,18.,26.8700576850888));
#3304=VECTOR('',#3305,1.);
#3305=DIRECTION('',(0.707106781186547,-8.88178419700125E-17,0.707106781186548));
#3306=CARTESIAN_POINT('',(26.8700576850888,18.,22.6274169979695));
#3307=CARTESIAN_POINT('',(26.8700576850888,18.,22.6274169979695));
#3308=VECTOR('',#3309,1.);
#3309=DIRECTION('',(-0.707106781186547,0.,0.707106781186547));
#3310=CARTESIAN_POINT('',(55.1543289325507,18.,50.9116882454314));
#3311=CARTESIAN_POINT('',(55.1543289325507,18.,50.9116882454314));
#3312=VECTOR('',#3313,1.);
#3313=DIRECTION('',(-0.707106781186547,0.,-0.707106781186548));
#3314=CARTESIAN_POINT('',(50.9116882454314,18.,55.1543289325507));
#3315=VECTOR('',#3316,1.);
#3316=DIRECTION('',(0.707106781186547,0.,-0.707106781186547));
#3317=CARTESIAN_POINT('',(63.4519052838329,18.,40.0980762113533));
#3318=CARTESIAN_POINT('',(28.8108891324554,18.,20.0980762113533));
#3319=CARTESIAN_POINT('',(28.8108891324554,18.,20.0980762113533));
#3320=VECTOR('',#3321,1.);
#3321=DIRECTION('',(0.866025403784439,-8.88178419700125E-17,0.5));
#3322=CARTESIAN_POINT('',(31.8108891324554,18.,14.9019237886467));
#3323=CARTESIAN_POINT('',(31.8108891324554,18.,14.9019237886467));
#3324=VECTOR('',#3325,1.);
#3325=DIRECTION('',(-0.5,0.,0.866025403784439));
#3326=CARTESIAN_POINT('',(66.4519052838329,18.,34.9019237886467));
#3327=CARTESIAN_POINT('',(66.4519052838329,18.,34.9019237886467));
#3328=VECTOR('',#3329,1.);
#3329=DIRECTION('',(-0.866025403784439,0.,-0.5));
#3330=CARTESIAN_POINT('',(63.4519052838329,18.,40.0980762113533));
#3331=VECTOR('',#3332,1.);
#3332=DIRECTION('',(0.500000000000001,0.,-0.866025403784439));
#3333=CARTESIAN_POINT('',(71.6679798363726,18.,22.3092058615563));
#3334=CARTESIAN_POINT('',(33.0309467848098,18.,11.9564440574554));
#3335=CARTESIAN_POINT('',(33.0309467848098,18.,11.9564440574554));
#3336=VECTOR('',#3337,1.);
#3337=DIRECTION('',(0.965925826289068,0.,0.258819045102521));
#3338=CARTESIAN_POINT('',(34.5838610554249,18.,6.16088909972103));
#3339=CARTESIAN_POINT('',(34.5838610554249,18.,6.16088909972103));
#3340=VECTOR('',#3341,1.);
#3341=DIRECTION('',(-0.258819045102521,0.,0.965925826289068));
#3342=CARTESIAN_POINT('',(73.2208941069877,18.,16.5136509038219));
#3343=CARTESIAN_POINT('',(73.2208941069877,18.,16.5136509038219));
#3344=VECTOR('',#3345,1.);
#3345=DIRECTION('',(-0.965925826289068,0.,-0.258819045102521));
#3346=CARTESIAN_POINT('',(71.6679798363726,18.,22.3092058615563));
#3347=VECTOR('',#3348,1.);
#3348=DIRECTION('',(0.258819045102522,0.,-0.965925826289068));
#3349=CARTESIAN_POINT('',(75.,18.,3.00000000000002));
#3350=CARTESIAN_POINT('',(35.,18.,3.00000000000001));
#3351=CARTESIAN_POINT('',(35.,18.,3.00000000000001));
#3352=VECTOR('',#3353,1.);
#3353=DIRECTION('',(1.,0.,1.66533453693773E-16));
#3354=CARTESIAN_POINT('',(35.,18.,-2.99999999999999));
#3355=CARTESIAN_POINT('',(35.,18.,-2.99999999999999));
#3356=VECTOR('',#3357,1.);
#3357=DIRECTION('',(0.,0.,1.));
#3358=CARTESIAN_POINT('',(75.,18.,-2.99999999999998));
#3359=CARTESIAN_POINT('',(75.,18.,-2.99999999999998));
#3360=VECTOR('',#3361,1.);
#3361=DIRECTION('',(-1.,0.,-1.66533453693773E-16));
#3362=CARTESIAN_POINT('',(75.,18.,3.00000000000002));
#3363=VECTOR('',#3364,1.);
#3364=DIRECTION('',(0.,0.,-1.));
#3365=CARTESIAN_POINT('',(73.2208941069877,18.,-16.5136509038218));
#3366=CARTESIAN_POINT('',(34.583861055425,18.,-6.16088909972101));
#3367=CARTESIAN_POINT('',(34.583861055425,18.,-6.16088909972101));
#3368=VECTOR('',#3369,1.);
#3369=DIRECTION('',(0.965925826289068,0.,-0.25881904510252));
#3370=CARTESIAN_POINT('',(33.0309467848098,18.,-11.9564440574554));
#3371=CARTESIAN_POINT('',(33.0309467848098,18.,-11.9564440574554));
#3372=VECTOR('',#3373,1.);
#3373=DIRECTION('',(0.25881904510252,0.,0.965925826289068));
#3374=CARTESIAN_POINT('',(71.6679798363726,18.,-22.3092058615562));
#3375=CARTESIAN_POINT('',(71.6679798363726,18.,-22.3092058615562));
#3376=VECTOR('',#3377,1.);
#3377=DIRECTION('',(-0.965925826289068,0.,0.258819045102521));
#3378=CARTESIAN_POINT('',(73.2208941069877,18.,-16.5136509038218));
#3379=VECTOR('',#3380,1.);
#3380=DIRECTION('',(-0.258819045102522,0.,-0.965925826289068));
#3381=CARTESIAN_POINT('',(66.4519052838329,18.,-34.9019237886467));
#3382=CARTESIAN_POINT('',(31.8108891324554,18.,-14.9019237886467));
#3383=CARTESIAN_POINT('',(31.8108891324554,18.,-14.9019237886467));
#3384=VECTOR('',#3385,1.);
#3385=DIRECTION('',(0.866025403784439,8.88178419700125E-17,-0.5));
#3386=CARTESIAN_POINT('',(28.8108891324554,18.,-20.0980762113533));
#3387=CARTESIAN_POINT('',(28.8108891324554,18.,-20.0980762113533));
#3388=VECTOR('',#3389,1.);
#3389=DIRECTION('',(0.5,0.,0.866025403784439));
#3390=CARTESIAN_POINT('',(63.4519052838329,18.,-40.0980762113533));
#3391=CARTESIAN_POINT('',(63.4519052838329,18.,-40.0980762113533));
#3392=VECTOR('',#3393,1.);
#3393=DIRECTION('',(-0.866025403784439,0.,0.5));
#3394=CARTESIAN_POINT('',(66.4519052838329,18.,-34.9019237886467));
#3395=VECTOR('',#3396,1.);
#3396=DIRECTION('',(-0.5,0.,-0.866025403784439));
#3397=CARTESIAN_POINT('',(55.1543289325507,18.,-50.9116882454314));
#3398=CARTESIAN_POINT('',(26.8700576850888,18.,-22.6274169979695));
#3399=CARTESIAN_POINT('',(26.8700576850888,18.,-22.6274169979695));
#3400=VECTOR('',#3401,1.);
#3401=DIRECTION('',(0.707106781186548,8.88178419700125E-17,-0.707106781186547));
#3402=CARTESIAN_POINT('',(22.6274169979695,18.,-26.8700576850888));
#3403=CARTESIAN_POINT('',(22.6274169979695,18.,-26.8700576850888));
#3404=VECTOR('',#3405,1.);
#3405=DIRECTION('',(0.707106781186547,0.,0.707106781186548));
#3406=CARTESIAN_POINT('',(50.9116882454315,18.,-55.1543289325507));
#3407=CARTESIAN_POINT('',(50.9116882454315,18.,-55.1543289325507));
#3408=VECTOR('',#3409,1.);
#3409=DIRECTION('',(-0.707106781186548,0.,0.707106781186547));
#3410=CARTESIAN_POINT('',(55.1543289325507,18.,-50.9116882454314));
#3411=VECTOR('',#3412,1.);
#3412=DIRECTION('',(-0.707106781186547,0.,-0.707106781186547));
#3413=CARTESIAN_POINT('',(40.0980762113533,18.,-63.4519052838329));
#3414=CARTESIAN_POINT('',(20.0980762113533,18.,-28.8108891324553));
#3415=CARTESIAN_POINT('',(20.0980762113533,18.,-28.8108891324553));
#3416=VECTOR('',#3417,1.);
#3417=DIRECTION('',(0.5,8.88178419700124E-17,-0.866025403784439));
#3418=CARTESIAN_POINT('',(14.9019237886467,18.,-31.8108891324554));
#3419=CARTESIAN_POINT('',(14.9019237886467,18.,-31.8108891324554));
#3420=VECTOR('',#3421,1.);
#3421=DIRECTION('',(0.866025403784438,-5.9211894646675E-16,0.500000000000001));
#3422=CARTESIAN_POINT('',(34.9019237886467,18.,-66.4519052838329));
#3423=CARTESIAN_POINT('',(34.9019237886467,18.,-66.4519052838329));
#3424=VECTOR('',#3425,1.);
#3425=DIRECTION('',(-0.5,0.,0.866025403784438));
#3426=CARTESIAN_POINT('',(40.0980762113533,18.,-63.4519052838329));
#3427=VECTOR('',#3428,1.);
#3428=DIRECTION('',(-0.866025403784439,0.,-0.500000000000001));
#3429=CARTESIAN_POINT('',(22.3092058615563,18.,-71.6679798363726));
#3430=CARTESIAN_POINT('',(11.9564440574554,18.,-33.0309467848098));
#3431=CARTESIAN_POINT('',(11.9564440574554,18.,-33.0309467848098));
#3432=VECTOR('',#3433,1.);
#3433=DIRECTION('',(0.258819045102521,0.,-0.965925826289068));
#3434=CARTESIAN_POINT('',(6.16088909972104,18.,-34.5838610554249));
#3435=CARTESIAN_POINT('',(6.16088909972104,18.,-34.5838610554249));
#3436=VECTOR('',#3437,1.);
#3437=DIRECTION('',(0.965925826289068,0.,0.258819045102521));
#3438=CARTESIAN_POINT('',(16.5136509038219,18.,-73.2208941069877));
#3439=CARTESIAN_POINT('',(16.5136509038219,18.,-73.2208941069877));
#3440=VECTOR('',#3441,1.);
#3441=DIRECTION('',(-0.258819045102521,0.,0.965925826289068));
#3442=CARTESIAN_POINT('',(22.3092058615563,18.,-71.6679798363726));
#3443=VECTOR('',#3444,1.);
#3444=DIRECTION('',(-0.965925826289068,0.,-0.258819045102522));
#3445=CARTESIAN_POINT('',(3.00000000000003,18.,-75.));
#3446=CARTESIAN_POINT('',(3.00000000000002,18.,-35.));
#3447=CARTESIAN_POINT('',(3.00000000000002,18.,-35.));
#3448=VECTOR('',#3449,1.);
#3449=DIRECTION('',(4.21884749357559E-16,-8.88178419700125E-17,-1.));
#3450=CARTESIAN_POINT('',(-2.99999999999998,18.,-35.));
#3451=CARTESIAN_POINT('',(-2.99999999999998,18.,-35.));
#3452=VECTOR('',#3453,1.);
#3453=DIRECTION('',(1.,0.,0.));
#3454=CARTESIAN_POINT('',(-2.99999999999997,18.,-75.));
#3455=CARTESIAN_POINT('',(-2.99999999999997,18.,-75.));
#3456=VECTOR('',#3457,1.);
#3457=DIRECTION('',(-4.21884749357559E-16,8.88178419700125E-17,1.));
#3458=CARTESIAN_POINT('',(3.00000000000003,18.,-75.));
#3459=VECTOR('',#3460,1.);
#3460=DIRECTION('',(-1.,0.,0.));
#3461=CARTESIAN_POINT('',(-16.5136509038218,18.,-73.2208941069877));
#3462=CARTESIAN_POINT('',(-6.16088909972101,18.,-34.583861055425));
#3463=CARTESIAN_POINT('',(-6.16088909972101,18.,-34.583861055425));
#3464=VECTOR('',#3465,1.);
#3465=DIRECTION('',(-0.25881904510252,0.,-0.965925826289068));
#3466=CARTESIAN_POINT('',(-11.9564440574554,18.,-33.0309467848098));
#3467=CARTESIAN_POINT('',(-11.9564440574554,18.,-33.0309467848098));
#3468=VECTOR('',#3469,1.);
#3469=DIRECTION('',(0.965925826289068,0.,-0.25881904510252));
#3470=CARTESIAN_POINT('',(-22.3092058615562,18.,-71.6679798363726));
#3471=CARTESIAN_POINT('',(-22.3092058615562,18.,-71.6679798363726));
#3472=VECTOR('',#3473,1.);
#3473=DIRECTION('',(0.25881904510252,0.,0.965925826289068));
#3474=CARTESIAN_POINT('',(-16.5136509038218,18.,-73.2208941069877));
#3475=VECTOR('',#3476,1.);
#3476=DIRECTION('',(-0.965925826289068,0.,0.258819045102522));
#3477=CARTESIAN_POINT('',(-34.9019237886467,18.,-66.4519052838329));
#3478=CARTESIAN_POINT('',(-14.9019237886467,18.,-31.8108891324554));
#3479=CARTESIAN_POINT('',(-14.9019237886467,18.,-31.8108891324554));
#3480=VECTOR('',#3481,1.);
#3481=DIRECTION('',(-0.5,0.,-0.866025403784439));
#3482=CARTESIAN_POINT('',(-20.0980762113533,18.,-28.8108891324554));
#3483=CARTESIAN_POINT('',(-20.0980762113533,18.,-28.8108891324554));
#3484=VECTOR('',#3485,1.);
#3485=DIRECTION('',(0.866025403784439,5.9211894646675E-16,-0.5));
#3486=CARTESIAN_POINT('',(-40.0980762113533,18.,-63.4519052838329));
#3487=CARTESIAN_POINT('',(-40.0980762113533,18.,-63.4519052838329));
#3488=VECTOR('',#3489,1.);
#3489=DIRECTION('',(0.5,0.,0.866025403784439));
#3490=CARTESIAN_POINT('',(-34.9019237886467,18.,-66.4519052838329));
#3491=VECTOR('',#3492,1.);
#3492=DIRECTION('',(-0.866025403784439,0.,0.5));
#3493=CARTESIAN_POINT('',(-50.9116882454314,18.,-55.1543289325508));
#3494=CARTESIAN_POINT('',(-22.6274169979695,18.,-26.8700576850888));
#3495=CARTESIAN_POINT('',(-22.6274169979695,18.,-26.8700576850888));
#3496=VECTOR('',#3497,1.);
#3497=DIRECTION('',(-0.707106781186547,8.88178419700125E-17,-0.707106781186548));
#3498=CARTESIAN_POINT('',(-26.8700576850888,18.,-22.6274169979695));
#3499=CARTESIAN_POINT('',(-26.8700576850888,18.,-22.6274169979695));
#3500=VECTOR('',#3501,1.);
#3501=DIRECTION('',(0.707106781186548,0.,-0.707106781186547));
#3502=CARTESIAN_POINT('',(-55.1543289325507,18.,-50.9116882454315));
#3503=CARTESIAN_POINT('',(-55.1543289325507,18.,-50.9116882454315));
#3504=VECTOR('',#3505,1.);
#3505=DIRECTION('',(0.707106781186547,0.,0.707106781186548));
#3506=CARTESIAN_POINT('',(-50.9116882454314,18.,-55.1543289325508));
#3507=VECTOR('',#3508,1.);
#3508=DIRECTION('',(-0.707106781186547,0.,0.707106781186547));
#3509=CARTESIAN_POINT('',(-63.4519052838329,18.,-40.0980762113534));
#3510=CARTESIAN_POINT('',(-28.8108891324553,18.,-20.0980762113533));
#3511=CARTESIAN_POINT('',(-28.8108891324553,18.,-20.0980762113533));
#3512=VECTOR('',#3513,1.);
#3513=DIRECTION('',(-0.866025403784439,8.88178419700124E-17,-0.5));
#3514=CARTESIAN_POINT('',(-31.8108891324554,18.,-14.9019237886467));
#3515=CARTESIAN_POINT('',(-31.8108891324554,18.,-14.9019237886467));
#3516=VECTOR('',#3517,1.);
#3517=DIRECTION('',(0.5,0.,-0.866025403784439));
#3518=CARTESIAN_POINT('',(-66.4519052838329,18.,-34.9019237886467));
#3519=CARTESIAN_POINT('',(-66.4519052838329,18.,-34.9019237886467));
#3520=VECTOR('',#3521,1.);
#3521=DIRECTION('',(0.866025403784438,0.,0.5));
#3522=CARTESIAN_POINT('',(-63.4519052838329,18.,-40.0980762113534));
#3523=VECTOR('',#3524,1.);
#3524=DIRECTION('',(-0.500000000000001,0.,0.866025403784439));
#3525=CARTESIAN_POINT('',(-71.6679798363726,18.,-22.3092058615563));
#3526=CARTESIAN_POINT('',(-33.0309467848098,18.,-11.9564440574555));
#3527=CARTESIAN_POINT('',(-33.0309467848098,18.,-11.9564440574555));
#3528=VECTOR('',#3529,1.);
#3529=DIRECTION('',(-0.965925826289068,0.,-0.258819045102521));
#3530=CARTESIAN_POINT('',(-34.583861055425,18.,-6.16088909972105));
#3531=CARTESIAN_POINT('',(-34.583861055425,18.,-6.16088909972105));
#3532=VECTOR('',#3533,1.);
#3533=DIRECTION('',(0.258819045102522,0.,-0.965925826289068));
#3534=CARTESIAN_POINT('',(-73.2208941069877,18.,-16.5136509038219));
#3535=CARTESIAN_POINT('',(-73.2208941069877,18.,-16.5136509038219));
#3536=VECTOR('',#3537,1.);
#3537=DIRECTION('',(0.965925826289068,0.,0.258819045102521));
#3538=CARTESIAN_POINT('',(-71.6679798363726,18.,-22.3092058615563));
#3539=VECTOR('',#3540,1.);
#3540=DIRECTION('',(-0.258819045102522,0.,0.965925826289068));
#3541=CARTESIAN_POINT('',(-75.,18.,-3.00000000000005));
#3542=CARTESIAN_POINT('',(-35.,18.,-3.00000000000002));
#3543=CARTESIAN_POINT('',(-35.,18.,-3.00000000000002));
#3544=VECTOR('',#3545,1.);
#3545=DIRECTION('',(-1.,0.,-5.99520433297584E-16));
#3546=CARTESIAN_POINT('',(-35.,18.,2.99999999999998));
#3547=CARTESIAN_POINT('',(-35.,18.,2.99999999999998));
#3548=VECTOR('',#3549,1.);
#3549=DIRECTION('',(0.,0.,-1.));
#3550=CARTESIAN_POINT('',(-75.,18.,2.99999999999995));
#3551=CARTESIAN_POINT('',(-75.,18.,2.99999999999995));
#3552=VECTOR('',#3553,1.);
#3553=DIRECTION('',(1.,0.,6.10622663543836E-16));
#3554=CARTESIAN_POINT('',(-75.,18.,-3.00000000000005));
#3555=VECTOR('',#3556,1.);
#3556=DIRECTION('',(0.,0.,1.));
#3557=CARTESIAN_POINT('',(-73.2208941069877,18.,16.5136509038218));
#3558=CARTESIAN_POINT('',(-34.583861055425,18.,6.160889099721));
#3559=CARTESIAN_POINT('',(-34.583861055425,18.,6.160889099721));
#3560=VECTOR('',#3561,1.);
#3561=DIRECTION('',(-0.965925826289068,0.,0.25881904510252));
#3562=CARTESIAN_POINT('',(-33.0309467848099,18.,11.9564440574554));
#3563=CARTESIAN_POINT('',(-33.0309467848099,18.,11.9564440574554));
#3564=VECTOR('',#3565,1.);
#3565=DIRECTION('',(-0.25881904510252,0.,-0.965925826289068));
#3566=CARTESIAN_POINT('',(-71.6679798363726,18.,22.3092058615562));
#3567=CARTESIAN_POINT('',(-71.6679798363726,18.,22.3092058615562));
#3568=VECTOR('',#3569,1.);
#3569=DIRECTION('',(0.965925826289068,0.,-0.25881904510252));
#3570=CARTESIAN_POINT('',(-73.2208941069877,18.,16.5136509038218));
#3571=VECTOR('',#3572,1.);
#3572=DIRECTION('',(0.258819045102522,0.,0.965925826289068));
#3573=CARTESIAN_POINT('',(-66.451905283833,18.,34.9019237886467));
#3574=CARTESIAN_POINT('',(-31.8108891324554,18.,14.9019237886467));
#3575=CARTESIAN_POINT('',(-31.8108891324554,18.,14.9019237886467));
#3576=VECTOR('',#3577,1.);
#3577=DIRECTION('',(-0.866025403784439,-8.88178419700125E-17,0.499999999999999));
#3578=CARTESIAN_POINT('',(-28.8108891324554,18.,20.0980762113533));
#3579=CARTESIAN_POINT('',(-28.8108891324554,18.,20.0980762113533));
#3580=VECTOR('',#3581,1.);
#3581=DIRECTION('',(-0.499999999999999,0.,-0.866025403784439));
#3582=CARTESIAN_POINT('',(-63.451905283833,18.,40.0980762113533));
#3583=CARTESIAN_POINT('',(-63.451905283833,18.,40.0980762113533));
#3584=VECTOR('',#3585,1.);
#3585=DIRECTION('',(0.866025403784439,0.,-0.5));
#3586=CARTESIAN_POINT('',(-66.451905283833,18.,34.9019237886467));
#3587=VECTOR('',#3588,1.);
#3588=DIRECTION('',(0.499999999999999,0.,0.866025403784439));
#3589=CARTESIAN_POINT('',(-55.1543289325508,18.,50.9116882454314));
#3590=CARTESIAN_POINT('',(-26.8700576850888,18.,22.6274169979695));
#3591=CARTESIAN_POINT('',(-26.8700576850888,18.,22.6274169979695));
#3592=VECTOR('',#3593,1.);
#3593=DIRECTION('',(-0.707106781186548,-8.88178419700125E-17,0.707106781186547));
#3594=CARTESIAN_POINT('',(-22.6274169979696,18.,26.8700576850888));
#3595=CARTESIAN_POINT('',(-22.6274169979696,18.,26.8700576850888));
#3596=VECTOR('',#3597,1.);
#3597=DIRECTION('',(-0.707106781186547,0.,-0.707106781186548));
#3598=CARTESIAN_POINT('',(-50.9116882454315,18.,55.1543289325507));
#3599=CARTESIAN_POINT('',(-50.9116882454315,18.,55.1543289325507));
#3600=VECTOR('',#3601,1.);
#3601=DIRECTION('',(0.707106781186548,0.,-0.707106781186547));
#3602=CARTESIAN_POINT('',(-55.1543289325508,18.,50.9116882454314));
#3603=VECTOR('',#3604,1.);
#3604=DIRECTION('',(0.707106781186547,0.,0.707106781186548));
#3605=CARTESIAN_POINT('',(-40.0980762113534,18.,63.4519052838329));
#3606=CARTESIAN_POINT('',(-20.0980762113534,18.,28.8108891324554));
#3607=CARTESIAN_POINT('',(-20.0980762113534,18.,28.8108891324554));
#3608=VECTOR('',#3609,1.);
#3609=DIRECTION('',(-0.500000000000001,-8.88178419700125E-17,0.866025403784438));
#3610=CARTESIAN_POINT('',(-14.9019237886467,18.,31.8108891324554));
#3611=CARTESIAN_POINT('',(-14.9019237886467,18.,31.8108891324554));
#3612=VECTOR('',#3613,1.);
#3613=DIRECTION('',(-0.866025403784439,5.9211894646675E-16,-0.5));
#3614=CARTESIAN_POINT('',(-34.9019237886468,18.,66.4519052838329));
#3615=CARTESIAN_POINT('',(-34.9019237886468,18.,66.4519052838329));
#3616=VECTOR('',#3617,1.);
#3617=DIRECTION('',(0.500000000000001,0.,-0.866025403784438));
#3618=CARTESIAN_POINT('',(-40.0980762113534,18.,63.4519052838329));
#3619=VECTOR('',#3620,1.);
#3620=DIRECTION('',(0.866025403784438,0.,0.500000000000001));
#3621=CARTESIAN_POINT('',(-22.3092058615563,18.,71.6679798363726));
#3622=CARTESIAN_POINT('',(-11.9564440574555,18.,33.0309467848098));
#3623=CARTESIAN_POINT('',(-11.9564440574555,18.,33.0309467848098));
#3624=VECTOR('',#3625,1.);
#3625=DIRECTION('',(-0.258819045102522,0.,0.965925826289068));
#3626=CARTESIAN_POINT('',(-6.16088909972106,18.,34.583861055425));
#3627=CARTESIAN_POINT('',(-6.16088909972106,18.,34.583861055425));
#3628=VECTOR('',#3629,1.);
#3629=DIRECTION('',(-0.965925826289068,0.,-0.258819045102522));
#3630=CARTESIAN_POINT('',(-16.5136509038219,18.,73.2208941069877));
#3631=CARTESIAN_POINT('',(-16.5136509038219,18.,73.2208941069877));
#3632=VECTOR('',#3633,1.);
#3633=DIRECTION('',(0.258819045102522,0.,-0.965925826289068));
#3634=CARTESIAN_POINT('',(-22.3092058615563,18.,71.6679798363726));
#3635=VECTOR('',#3636,1.);
#3636=DIRECTION('',(0.965925826289068,0.,0.258819045102522));
#3637=CARTESIAN_POINT('',(-1.53080849893419E-15,18.,25.));
#3638=AXIS2_PLACEMENT_3D('',#3639,#3640,#3641);
#3639=CARTESIAN_POINT('',(0.,18.,1.10218211923262E-15));
#3640=DIRECTION('',(0.,1.,6.12323399573677E-17));
#3641=DIRECTION('',(6.12323399573677E-17,-6.12323399573677E-17,1.));
#3642=CARTESIAN_POINT('',(180.,18.,-43.));
#3643=AXIS2_PLACEMENT_3D('',#3644,#3645,#3646);
#3644=CARTESIAN_POINT('',(180.,18.,4.51894668885373E-14));
#3645=DIRECTION('',(0.,1.,6.12323399573677E-17));
#3646=DIRECTION('',(6.12323399573677E-17,6.12323399573677E-17,-1.));
#3647=CARTESIAN_POINT('',(-180.,18.,-43.));
#3648=AXIS2_PLACEMENT_3D('',#3649,#3650,#3651);
#3649=CARTESIAN_POINT('',(-180.,18.,-2.09414602654197E-14));
#3650=DIRECTION('',(0.,1.,6.12323399573677E-17));
#3651=DIRECTION('',(6.12323399573677E-17,6.12323399573677E-17,-1.));
#3652=CARTESIAN_POINT('',(1.89207930468266E-14,18.,-223.));
#3653=AXIS2_PLACEMENT_3D('',#3654,#3655,#3656);
#3654=CARTESIAN_POINT('',(1.10218211923262E-14,18.,-180.));
#3655=DIRECTION('',(0.,1.,6.12323399573677E-17));
#3656=DIRECTION('',(6.12323399573677E-17,6.12323399573677E-17,-1.));
#3657=CARTESIAN_POINT('',(-2.51664917224781E-14,18.,137.));
#3658=AXIS2_PLACEMENT_3D('',#3659,#3660,#3661);
#3659=CARTESIAN_POINT('',(-3.30654635769785E-14,18.,180.));
#3660=DIRECTION('',(0.,1.,6.12323399573677E-17));
#3661=DIRECTION('',(6.12323399573677E-17,6.12323399573677E-17,-1.));
#3662=CARTESIAN_POINT('',(3.85763741731416E-14,5.99999999999999,210.));
#3663=AXIS2_PLACEMENT_3D('',#3664,#3665,#3666);
#3664=CARTESIAN_POINT('',(0.,6.,3.67394039744206E-16));
#3665=DIRECTION('',(0.,-1.,-6.12323399573677E-17));
#3666=DIRECTION('',(6.12323399573677E-17,-6.12323399573677E-17,1.));
#3667=CARTESIAN_POINT('',(-3.,6.,35.));
#3668=CARTESIAN_POINT('',(-3.,5.99999999999999,75.));
#3669=CARTESIAN_POINT('',(-3.,6.,75.));
#3670=VECTOR('',#3671,1.);
#3671=DIRECTION('',(-5.55111512312578E-17,6.66133814775094E-17,-1.));
#3672=CARTESIAN_POINT('',(3.,5.99999999999999,75.));
#3673=CARTESIAN_POINT('',(3.,6.,75.));
#3674=VECTOR('',#3675,1.);
#3675=DIRECTION('',(-1.,0.,0.));
#3676=CARTESIAN_POINT('',(3.,6.,35.));
#3677=CARTESIAN_POINT('',(3.,6.,35.));
#3678=VECTOR('',#3679,1.);
#3679=DIRECTION('',(5.55111512312578E-17,-6.66133814775094E-17,1.));
#3680=CARTESIAN_POINT('',(-3.,6.,35.));
#3681=VECTOR('',#3682,1.);
#3682=DIRECTION('',(1.,0.,0.));
#3683=CARTESIAN_POINT('',(6.16088909972102,6.,34.5838610554249));
#3684=CARTESIAN_POINT('',(16.5136509038219,5.99999999999999,73.2208941069877));
#3685=CARTESIAN_POINT('',(16.5136509038218,6.,73.2208941069877));
#3686=VECTOR('',#3687,1.);
#3687=DIRECTION('',(-0.258819045102521,6.66133814775094E-17,-0.965925826289068));
#3688=CARTESIAN_POINT('',(22.3092058615563,6.,71.6679798363726));
#3689=CARTESIAN_POINT('',(22.3092058615563,6.,71.6679798363726));
#3690=VECTOR('',#3691,1.);
#3691=DIRECTION('',(-0.965925826289068,0.,0.258819045102522));
#3692=CARTESIAN_POINT('',(11.9564440574554,6.,33.0309467848098));
#3693=CARTESIAN_POINT('',(11.9564440574554,6.,33.0309467848098));
#3694=VECTOR('',#3695,1.);
#3695=DIRECTION('',(0.258819045102521,-4.44089209850063E-17,0.965925826289068));
#3696=CARTESIAN_POINT('',(6.16088909972102,6.,34.5838610554249));
#3697=VECTOR('',#3698,1.);
#3698=DIRECTION('',(0.965925826289068,0.,-0.25881904510252));
#3699=CARTESIAN_POINT('',(14.9019237886467,6.,31.8108891324554));
#3700=CARTESIAN_POINT('',(34.9019237886467,6.,66.4519052838329));
#3701=CARTESIAN_POINT('',(34.9019237886467,6.,66.4519052838329));
#3702=VECTOR('',#3703,1.);
#3703=DIRECTION('',(-0.5,6.66133814775094E-17,-0.866025403784439));
#3704=CARTESIAN_POINT('',(40.0980762113533,6.,63.4519052838329));
#3705=CARTESIAN_POINT('',(40.0980762113533,6.,63.4519052838329));
#3706=VECTOR('',#3707,1.);
#3707=DIRECTION('',(-0.866025403784439,0.,0.500000000000001));
#3708=CARTESIAN_POINT('',(20.0980762113533,6.,28.8108891324554));
#3709=CARTESIAN_POINT('',(20.0980762113533,6.,28.8108891324554));
#3710=VECTOR('',#3711,1.);
#3711=DIRECTION('',(0.5,-4.44089209850063E-17,0.866025403784439));
#3712=CARTESIAN_POINT('',(14.9019237886467,6.,31.8108891324554));
#3713=VECTOR('',#3714,1.);
#3714=DIRECTION('',(0.866025403784439,0.,-0.5));
#3715=CARTESIAN_POINT('',(22.6274169979695,6.,26.8700576850888));
#3716=CARTESIAN_POINT('',(50.9116882454314,6.,55.1543289325507));
#3717=CARTESIAN_POINT('',(50.9116882454314,6.,55.1543289325507));
#3718=VECTOR('',#3719,1.);
#3719=DIRECTION('',(-0.707106781186547,4.44089209850063E-17,-0.707106781186548));
#3720=CARTESIAN_POINT('',(55.1543289325507,6.,50.9116882454314));
#3721=CARTESIAN_POINT('',(55.1543289325507,6.,50.9116882454314));
#3722=VECTOR('',#3723,1.);
#3723=DIRECTION('',(-0.707106781186547,0.,0.707106781186547));
#3724=CARTESIAN_POINT('',(26.8700576850888,6.,22.6274169979695));
#3725=CARTESIAN_POINT('',(26.8700576850888,6.,22.6274169979695));
#3726=VECTOR('',#3727,1.);
#3727=DIRECTION('',(0.707106781186547,-4.44089209850063E-17,0.707106781186548));
#3728=CARTESIAN_POINT('',(22.6274169979695,6.,26.8700576850888));
#3729=VECTOR('',#3730,1.);
#3730=DIRECTION('',(0.707106781186547,0.,-0.707106781186547));
#3731=CARTESIAN_POINT('',(28.8108891324554,6.,20.0980762113533));
#3732=CARTESIAN_POINT('',(63.4519052838329,6.,40.0980762113533));
#3733=CARTESIAN_POINT('',(63.4519052838329,6.,40.0980762113533));
#3734=VECTOR('',#3735,1.);
#3735=DIRECTION('',(-0.866025403784439,4.44089209850063E-17,-0.5));
#3736=CARTESIAN_POINT('',(66.4519052838329,6.,34.9019237886467));
#3737=CARTESIAN_POINT('',(66.4519052838329,6.,34.9019237886467));
#3738=VECTOR('',#3739,1.);
#3739=DIRECTION('',(-0.500000000000001,-1.48029736616688E-16,0.866025403784439));
#3740=CARTESIAN_POINT('',(31.8108891324553,6.,14.9019237886467));
#3741=CARTESIAN_POINT('',(31.8108891324553,6.,14.9019237886467));
#3742=VECTOR('',#3743,1.);
#3743=DIRECTION('',(0.866025403784439,-2.22044604925031E-17,0.5));
#3744=CARTESIAN_POINT('',(28.8108891324554,6.,20.0980762113533));
#3745=VECTOR('',#3746,1.);
#3746=DIRECTION('',(0.5,0.,-0.866025403784439));
#3747=CARTESIAN_POINT('',(33.0309467848098,6.,11.9564440574554));
#3748=CARTESIAN_POINT('',(71.6679798363726,6.,22.3092058615563));
#3749=CARTESIAN_POINT('',(71.6679798363726,6.,22.3092058615563));
#3750=VECTOR('',#3751,1.);
#3751=DIRECTION('',(-0.965925826289068,4.44089209850063E-17,-0.258819045102521));
#3752=CARTESIAN_POINT('',(73.2208941069877,6.,16.5136509038219));
#3753=CARTESIAN_POINT('',(73.2208941069877,6.,16.5136509038219));
#3754=VECTOR('',#3755,1.);
#3755=DIRECTION('',(-0.258819045102522,-1.48029736616688E-16,0.965925826289068));
#3756=CARTESIAN_POINT('',(34.583861055425,6.,6.16088909972103));
#3757=CARTESIAN_POINT('',(34.583861055425,6.,6.16088909972103));
#3758=VECTOR('',#3759,1.);
#3759=DIRECTION('',(0.965925826289068,-2.22044604925031E-17,0.258819045102521));
#3760=CARTESIAN_POINT('',(33.0309467848098,6.,11.9564440574554));
#3761=VECTOR('',#3762,1.);
#3762=DIRECTION('',(0.258819045102521,1.48029736616688E-16,-0.965925826289068));
#3763=CARTESIAN_POINT('',(35.,6.,3.00000000000001));
#3764=CARTESIAN_POINT('',(75.,6.,3.00000000000001));
#3765=CARTESIAN_POINT('',(75.,6.,3.00000000000001));
#3766=VECTOR('',#3767,1.);
#3767=DIRECTION('',(-1.,0.,-1.66533453693773E-16));
#3768=CARTESIAN_POINT('',(75.,6.,-2.99999999999998));
#3769=CARTESIAN_POINT('',(75.,6.,-2.99999999999998));
#3770=VECTOR('',#3771,1.);
#3771=DIRECTION('',(0.,0.,1.));
#3772=CARTESIAN_POINT('',(35.,6.,-2.99999999999999));
#3773=CARTESIAN_POINT('',(35.,6.,-2.99999999999999));
#3774=VECTOR('',#3775,1.);
#3775=DIRECTION('',(1.,0.,1.66533453693773E-16));
#3776=CARTESIAN_POINT('',(35.,6.,3.00000000000001));
#3777=VECTOR('',#3778,1.);
#3778=DIRECTION('',(0.,0.,-1.));
#3779=CARTESIAN_POINT('',(34.583861055425,6.,-6.16088909972101));
#3780=CARTESIAN_POINT('',(73.2208941069877,6.,-16.5136509038218));
#3781=CARTESIAN_POINT('',(73.2208941069877,6.,-16.5136509038218));
#3782=VECTOR('',#3783,1.);
#3783=DIRECTION('',(-0.965925826289068,-2.22044604925031E-17,0.25881904510252));
#3784=CARTESIAN_POINT('',(71.6679798363726,6.,-22.3092058615562));
#3785=CARTESIAN_POINT('',(71.6679798363726,6.,-22.3092058615562));
#3786=VECTOR('',#3787,1.);
#3787=DIRECTION('',(0.258819045102522,-1.48029736616687E-16,0.965925826289068));
#3788=CARTESIAN_POINT('',(33.0309467848098,6.,-11.9564440574554));
#3789=CARTESIAN_POINT('',(33.0309467848098,6.,-11.9564440574554));
#3790=VECTOR('',#3791,1.);
#3791=DIRECTION('',(0.965925826289068,2.22044604925031E-17,-0.258819045102521));
#3792=CARTESIAN_POINT('',(34.583861055425,6.,-6.16088909972101));
#3793=VECTOR('',#3794,1.);
#3794=DIRECTION('',(-0.25881904510252,1.48029736616688E-16,-0.965925826289068));
#3795=CARTESIAN_POINT('',(31.8108891324554,6.,-14.9019237886467));
#3796=CARTESIAN_POINT('',(66.4519052838329,6.,-34.9019237886467));
#3797=CARTESIAN_POINT('',(66.4519052838329,6.,-34.9019237886467));
#3798=VECTOR('',#3799,1.);
#3799=DIRECTION('',(-0.866025403784439,-2.22044604925031E-17,0.5));
#3800=CARTESIAN_POINT('',(63.4519052838329,6.,-40.0980762113533));
#3801=CARTESIAN_POINT('',(63.4519052838329,6.,-40.0980762113533));
#3802=VECTOR('',#3803,1.);
#3803=DIRECTION('',(0.5,-1.48029736616688E-16,0.866025403784439));
#3804=CARTESIAN_POINT('',(28.8108891324554,6.,-20.0980762113533));
#3805=CARTESIAN_POINT('',(28.8108891324554,6.,-20.0980762113533));
#3806=VECTOR('',#3807,1.);
#3807=DIRECTION('',(0.866025403784439,4.44089209850063E-17,-0.5));
#3808=CARTESIAN_POINT('',(31.8108891324554,6.,-14.9019237886467));
#3809=VECTOR('',#3810,1.);
#3810=DIRECTION('',(-0.5,0.,-0.866025403784439));
#3811=CARTESIAN_POINT('',(26.8700576850888,6.,-22.6274169979695));
#3812=CARTESIAN_POINT('',(55.1543289325507,6.,-50.9116882454314));
#3813=CARTESIAN_POINT('',(55.1543289325507,6.,-50.9116882454314));
#3814=VECTOR('',#3815,1.);
#3815=DIRECTION('',(-0.707106781186548,-4.44089209850062E-17,0.707106781186547));
#3816=CARTESIAN_POINT('',(50.9116882454315,6.,-55.1543289325507));
#3817=CARTESIAN_POINT('',(50.9116882454315,6.,-55.1543289325507));
#3818=VECTOR('',#3819,1.);
#3819=DIRECTION('',(0.707106781186547,0.,0.707106781186547));
#3820=CARTESIAN_POINT('',(22.6274169979695,6.,-26.8700576850888));
#3821=CARTESIAN_POINT('',(22.6274169979695,6.,-26.8700576850888));
#3822=VECTOR('',#3823,1.);
#3823=DIRECTION('',(0.707106781186548,4.44089209850063E-17,-0.707106781186547));
#3824=CARTESIAN_POINT('',(26.8700576850888,6.,-22.6274169979695));
#3825=VECTOR('',#3826,1.);
#3826=DIRECTION('',(-0.707106781186547,0.,-0.707106781186548));
#3827=CARTESIAN_POINT('',(20.0980762113533,6.,-28.8108891324553));
#3828=CARTESIAN_POINT('',(40.0980762113533,6.,-63.4519052838329));
#3829=CARTESIAN_POINT('',(40.0980762113534,6.,-63.4519052838329));
#3830=VECTOR('',#3831,1.);
#3831=DIRECTION('',(-0.5,-4.44089209850062E-17,0.866025403784439));
#3832=CARTESIAN_POINT('',(34.9019237886467,6.,-66.4519052838329));
#3833=CARTESIAN_POINT('',(34.9019237886467,6.,-66.4519052838329));
#3834=VECTOR('',#3835,1.);
#3835=DIRECTION('',(0.866025403784439,-1.48029736616688E-16,0.500000000000001));
#3836=CARTESIAN_POINT('',(14.9019237886467,6.,-31.8108891324554));
#3837=CARTESIAN_POINT('',(14.9019237886467,6.,-31.8108891324554));
#3838=VECTOR('',#3839,1.);
#3839=DIRECTION('',(0.5,6.66133814775094E-17,-0.866025403784438));
#3840=CARTESIAN_POINT('',(20.0980762113533,6.,-28.8108891324553));
#3841=VECTOR('',#3842,1.);
#3842=DIRECTION('',(-0.866025403784438,0.,-0.500000000000001));
#3843=CARTESIAN_POINT('',(11.9564440574554,6.,-33.0309467848098));
#3844=CARTESIAN_POINT('',(22.3092058615563,6.00000000000001,-71.6679798363726));
#3845=CARTESIAN_POINT('',(22.3092058615563,6.,-71.6679798363726));
#3846=VECTOR('',#3847,1.);
#3847=DIRECTION('',(-0.258819045102521,-6.66133814775094E-17,0.965925826289068));
#3848=CARTESIAN_POINT('',(16.5136509038219,6.,-73.2208941069877));
#3849=CARTESIAN_POINT('',(16.5136509038219,6.,-73.2208941069877));
#3850=VECTOR('',#3851,1.);
#3851=DIRECTION('',(0.965925826289068,0.,0.258819045102522));
#3852=CARTESIAN_POINT('',(6.16088909972104,6.,-34.5838610554249));
#3853=CARTESIAN_POINT('',(6.16088909972104,6.,-34.5838610554249));
#3854=VECTOR('',#3855,1.);
#3855=DIRECTION('',(0.258819045102521,4.44089209850062E-17,-0.965925826289068));
#3856=CARTESIAN_POINT('',(11.9564440574554,6.,-33.0309467848098));
#3857=VECTOR('',#3858,1.);
#3858=DIRECTION('',(-0.965925826289068,0.,-0.258819045102521));
#3859=CARTESIAN_POINT('',(3.00000000000002,6.,-35.));
#3860=CARTESIAN_POINT('',(3.00000000000003,6.00000000000001,-75.));
#3861=CARTESIAN_POINT('',(3.00000000000003,6.,-75.));
#3862=VECTOR('',#3863,1.);
#3863=DIRECTION('',(-4.32986979603811E-16,-6.66133814775094E-17,1.));
#3864=CARTESIAN_POINT('',(-2.99999999999997,6.,-75.));
#3865=CARTESIAN_POINT('',(-2.99999999999997,6.,-75.));
#3866=VECTOR('',#3867,1.);
#3867=DIRECTION('',(1.,0.,0.));
#3868=CARTESIAN_POINT('',(-2.99999999999998,6.,-35.));
#3869=CARTESIAN_POINT('',(-2.99999999999998,6.,-35.));
#3870=VECTOR('',#3871,1.);
#3871=DIRECTION('',(4.21884749357559E-16,6.66133814775094E-17,-1.));
#3872=CARTESIAN_POINT('',(3.00000000000002,6.,-35.));
#3873=VECTOR('',#3874,1.);
#3874=DIRECTION('',(-1.,0.,0.));
#3875=CARTESIAN_POINT('',(-6.16088909972101,6.,-34.583861055425));
#3876=CARTESIAN_POINT('',(-16.5136509038218,6.00000000000001,-73.2208941069877));
#3877=CARTESIAN_POINT('',(-16.5136509038218,6.,-73.2208941069877));
#3878=VECTOR('',#3879,1.);
#3879=DIRECTION('',(0.25881904510252,-6.66133814775093E-17,0.965925826289068));
#3880=CARTESIAN_POINT('',(-22.3092058615562,6.00000000000001,-71.6679798363726));
#3881=CARTESIAN_POINT('',(-22.3092058615562,6.,-71.6679798363726));
#3882=VECTOR('',#3883,1.);
#3883=DIRECTION('',(0.965925826289068,0.,-0.258819045102522));
#3884=CARTESIAN_POINT('',(-11.9564440574554,6.,-33.0309467848098));
#3885=CARTESIAN_POINT('',(-11.9564440574554,6.,-33.0309467848098));
#3886=VECTOR('',#3887,1.);
#3887=DIRECTION('',(-0.25881904510252,4.44089209850062E-17,-0.965925826289068));
#3888=CARTESIAN_POINT('',(-6.16088909972101,6.,-34.583861055425));
#3889=VECTOR('',#3890,1.);
#3890=DIRECTION('',(-0.965925826289068,0.,0.25881904510252));
#3891=CARTESIAN_POINT('',(-14.9019237886467,6.,-31.8108891324554));
#3892=CARTESIAN_POINT('',(-34.9019237886467,6.,-66.4519052838329));
#3893=CARTESIAN_POINT('',(-34.9019237886467,6.,-66.4519052838329));
#3894=VECTOR('',#3895,1.);
#3895=DIRECTION('',(0.5,-6.66133814775093E-17,0.866025403784439));
#3896=CARTESIAN_POINT('',(-40.0980762113533,6.,-63.4519052838329));
#3897=CARTESIAN_POINT('',(-40.0980762113533,6.,-63.4519052838329));
#3898=VECTOR('',#3899,1.);
#3899=DIRECTION('',(0.866025403784439,0.,-0.5));
#3900=CARTESIAN_POINT('',(-20.0980762113533,6.,-28.8108891324554));
#3901=CARTESIAN_POINT('',(-20.0980762113533,6.,-28.8108891324554));
#3902=VECTOR('',#3903,1.);
#3903=DIRECTION('',(-0.5,4.44089209850062E-17,-0.866025403784439));
#3904=CARTESIAN_POINT('',(-14.9019237886467,6.,-31.8108891324554));
#3905=VECTOR('',#3906,1.);
#3906=DIRECTION('',(-0.866025403784439,0.,0.5));
#3907=CARTESIAN_POINT('',(-22.6274169979695,6.,-26.8700576850888));
#3908=CARTESIAN_POINT('',(-50.9116882454314,6.,-55.1543289325508));
#3909=CARTESIAN_POINT('',(-50.9116882454314,6.,-55.1543289325508));
#3910=VECTOR('',#3911,1.);
#3911=DIRECTION('',(0.707106781186547,-4.44089209850062E-17,0.707106781186548));
#3912=CARTESIAN_POINT('',(-55.1543289325507,6.,-50.9116882454315));
#3913=CARTESIAN_POINT('',(-55.1543289325507,6.,-50.9116882454315));
#3914=VECTOR('',#3915,1.);
#3915=DIRECTION('',(0.707106781186547,0.,-0.707106781186547));
#3916=CARTESIAN_POINT('',(-26.8700576850888,6.,-22.6274169979695));
#3917=CARTESIAN_POINT('',(-26.8700576850888,6.,-22.6274169979696));
#3918=VECTOR('',#3919,1.);
#3919=DIRECTION('',(-0.707106781186547,4.44089209850063E-17,-0.707106781186548));
#3920=CARTESIAN_POINT('',(-22.6274169979695,6.,-26.8700576850888));
#3921=VECTOR('',#3922,1.);
#3922=DIRECTION('',(-0.707106781186548,0.,0.707106781186547));
#3923=CARTESIAN_POINT('',(-28.8108891324553,6.,-20.0980762113533));
#3924=CARTESIAN_POINT('',(-63.4519052838329,6.,-40.0980762113534));
#3925=CARTESIAN_POINT('',(-63.4519052838329,6.,-40.0980762113534));
#3926=VECTOR('',#3927,1.);
#3927=DIRECTION('',(0.866025403784439,-4.44089209850062E-17,0.5));
#3928=CARTESIAN_POINT('',(-66.4519052838329,6.,-34.9019237886467));
#3929=CARTESIAN_POINT('',(-66.4519052838329,6.,-34.9019237886467));
#3930=VECTOR('',#3931,1.);
#3931=DIRECTION('',(0.500000000000001,1.48029736616688E-16,-0.866025403784439));
#3932=CARTESIAN_POINT('',(-31.8108891324554,6.,-14.9019237886467));
#3933=CARTESIAN_POINT('',(-31.8108891324554,6.,-14.9019237886467));
#3934=VECTOR('',#3935,1.);
#3935=DIRECTION('',(-0.866025403784438,2.22044604925031E-17,-0.5));
#3936=CARTESIAN_POINT('',(-28.8108891324553,6.,-20.0980762113533));
#3937=VECTOR('',#3938,1.);
#3938=DIRECTION('',(-0.5,0.,0.866025403784439));
#3939=CARTESIAN_POINT('',(-33.0309467848098,6.,-11.9564440574555));
#3940=CARTESIAN_POINT('',(-71.6679798363726,6.,-22.3092058615563));
#3941=CARTESIAN_POINT('',(-71.6679798363726,6.,-22.3092058615563));
#3942=VECTOR('',#3943,1.);
#3943=DIRECTION('',(0.965925826289068,-4.44089209850062E-17,0.258819045102521));
#3944=CARTESIAN_POINT('',(-73.2208941069877,6.,-16.5136509038219));
#3945=CARTESIAN_POINT('',(-73.2208941069877,6.,-16.5136509038219));
#3946=VECTOR('',#3947,1.);
#3947=DIRECTION('',(0.258819045102522,1.48029736616687E-16,-0.965925826289068));
#3948=CARTESIAN_POINT('',(-34.583861055425,6.,-6.16088909972105));
#3949=CARTESIAN_POINT('',(-34.583861055425,6.,-6.16088909972105));
#3950=VECTOR('',#3951,1.);
#3951=DIRECTION('',(-0.965925826289068,2.22044604925031E-17,-0.258819045102521));
#3952=CARTESIAN_POINT('',(-33.0309467848098,6.,-11.9564440574555));
#3953=VECTOR('',#3954,1.);
#3954=DIRECTION('',(-0.258819045102522,-1.48029736616687E-16,0.965925826289068));
#3955=CARTESIAN_POINT('',(-35.,6.,-3.00000000000002));
#3956=CARTESIAN_POINT('',(-75.,6.,-3.00000000000005));
#3957=CARTESIAN_POINT('',(-75.,6.,-3.00000000000005));
#3958=VECTOR('',#3959,1.);
#3959=DIRECTION('',(1.,0.,6.10622663543836E-16));
#3960=CARTESIAN_POINT('',(-75.,6.,2.99999999999995));
#3961=CARTESIAN_POINT('',(-75.,6.,2.99999999999995));
#3962=VECTOR('',#3963,1.);
#3963=DIRECTION('',(0.,0.,-1.));
#3964=CARTESIAN_POINT('',(-35.,6.,2.99999999999998));
#3965=CARTESIAN_POINT('',(-35.,6.,2.99999999999998));
#3966=VECTOR('',#3967,1.);
#3967=DIRECTION('',(-1.,0.,-6.21724893790087E-16));
#3968=CARTESIAN_POINT('',(-35.,6.,-3.00000000000002));
#3969=VECTOR('',#3970,1.);
#3970=DIRECTION('',(0.,0.,1.));
#3971=CARTESIAN_POINT('',(-34.583861055425,6.,6.160889099721));
#3972=CARTESIAN_POINT('',(-73.2208941069877,6.,16.5136509038218));
#3973=CARTESIAN_POINT('',(-73.2208941069877,6.,16.5136509038218));
#3974=VECTOR('',#3975,1.);
#3975=DIRECTION('',(0.965925826289068,2.22044604925031E-17,-0.25881904510252));
#3976=CARTESIAN_POINT('',(-71.6679798363726,6.,22.3092058615562));
#3977=CARTESIAN_POINT('',(-71.6679798363726,6.,22.3092058615562));
#3978=VECTOR('',#3979,1.);
#3979=DIRECTION('',(-0.258819045102522,1.48029736616687E-16,-0.965925826289068));
#3980=CARTESIAN_POINT('',(-33.0309467848099,6.,11.9564440574554));
#3981=CARTESIAN_POINT('',(-33.0309467848099,6.,11.9564440574554));
#3982=VECTOR('',#3983,1.);
#3983=DIRECTION('',(-0.965925826289068,-2.22044604925031E-17,0.25881904510252));
#3984=CARTESIAN_POINT('',(-34.583861055425,6.,6.160889099721));
#3985=VECTOR('',#3986,1.);
#3986=DIRECTION('',(0.25881904510252,-1.48029736616688E-16,0.965925826289068));
#3987=CARTESIAN_POINT('',(-31.8108891324554,6.,14.9019237886467));
#3988=CARTESIAN_POINT('',(-66.451905283833,6.,34.9019237886467));
#3989=CARTESIAN_POINT('',(-66.451905283833,6.,34.9019237886467));
#3990=VECTOR('',#3991,1.);
#3991=DIRECTION('',(0.866025403784439,2.22044604925031E-17,-0.499999999999999));
#3992=CARTESIAN_POINT('',(-63.451905283833,6.,40.0980762113533));
#3993=CARTESIAN_POINT('',(-63.451905283833,6.,40.0980762113533));
#3994=VECTOR('',#3995,1.);
#3995=DIRECTION('',(-0.499999999999999,1.48029736616687E-16,-0.866025403784439));
#3996=CARTESIAN_POINT('',(-28.8108891324554,6.,20.0980762113533));
#3997=CARTESIAN_POINT('',(-28.8108891324554,6.,20.0980762113533));
#3998=VECTOR('',#3999,1.);
#3999=DIRECTION('',(-0.866025403784439,-4.44089209850062E-17,0.5));
#4000=CARTESIAN_POINT('',(-31.8108891324554,6.,14.9019237886467));
#4001=VECTOR('',#4002,1.);
#4002=DIRECTION('',(0.499999999999999,0.,0.866025403784439));
#4003=CARTESIAN_POINT('',(-26.8700576850888,6.,22.6274169979695));
#4004=CARTESIAN_POINT('',(-55.1543289325508,6.,50.9116882454314));
#4005=CARTESIAN_POINT('',(-55.1543289325508,6.,50.9116882454314));
#4006=VECTOR('',#4007,1.);
#4007=DIRECTION('',(0.707106781186548,4.44089209850062E-17,-0.707106781186547));
#4008=CARTESIAN_POINT('',(-50.9116882454315,6.,55.1543289325507));
#4009=CARTESIAN_POINT('',(-50.9116882454315,6.,55.1543289325507));
#4010=VECTOR('',#4011,1.);
#4011=DIRECTION('',(-0.707106781186547,0.,-0.707106781186548));
#4012=CARTESIAN_POINT('',(-22.6274169979696,6.,26.8700576850888));
#4013=CARTESIAN_POINT('',(-22.6274169979696,6.,26.8700576850888));
#4014=VECTOR('',#4015,1.);
#4015=DIRECTION('',(-0.707106781186548,-4.44089209850062E-17,0.707106781186547));
#4016=CARTESIAN_POINT('',(-26.8700576850888,6.,22.6274169979695));
#4017=VECTOR('',#4018,1.);
#4018=DIRECTION('',(0.707106781186547,0.,0.707106781186548));
#4019=CARTESIAN_POINT('',(-20.0980762113534,6.,28.8108891324554));
#4020=CARTESIAN_POINT('',(-40.0980762113534,6.,63.4519052838329));
#4021=CARTESIAN_POINT('',(-40.0980762113534,6.,63.4519052838329));
#4022=VECTOR('',#4023,1.);
#4023=DIRECTION('',(0.500000000000001,4.44089209850062E-17,-0.866025403784438));
#4024=CARTESIAN_POINT('',(-34.9019237886468,5.99999999999999,66.4519052838329));
#4025=CARTESIAN_POINT('',(-34.9019237886468,6.,66.4519052838329));
#4026=VECTOR('',#4027,1.);
#4027=DIRECTION('',(-0.866025403784438,1.48029736616688E-16,-0.500000000000001));
#4028=CARTESIAN_POINT('',(-14.9019237886467,6.,31.8108891324554));
#4029=CARTESIAN_POINT('',(-14.9019237886467,6.,31.8108891324554));
#4030=VECTOR('',#4031,1.);
#4031=DIRECTION('',(-0.500000000000001,-6.66133814775093E-17,0.866025403784438));
#4032=CARTESIAN_POINT('',(-20.0980762113534,6.,28.8108891324554));
#4033=VECTOR('',#4034,1.);
#4034=DIRECTION('',(0.866025403784439,0.,0.5));
#4035=CARTESIAN_POINT('',(-11.9564440574555,6.,33.0309467848098));
#4036=CARTESIAN_POINT('',(-22.3092058615563,5.99999999999999,71.6679798363726));
#4037=CARTESIAN_POINT('',(-22.3092058615563,6.,71.6679798363726));
#4038=VECTOR('',#4039,1.);
#4039=DIRECTION('',(0.258819045102522,6.66133814775094E-17,-0.965925826289068));
#4040=CARTESIAN_POINT('',(-16.5136509038219,6.,73.2208941069877));
#4041=CARTESIAN_POINT('',(-16.5136509038219,6.,73.2208941069877));
#4042=VECTOR('',#4043,1.);
#4043=DIRECTION('',(-0.965925826289068,0.,-0.258819045102522));
#4044=CARTESIAN_POINT('',(-6.16088909972106,6.,34.583861055425));
#4045=CARTESIAN_POINT('',(-6.16088909972106,6.,34.583861055425));
#4046=VECTOR('',#4047,1.);
#4047=DIRECTION('',(-0.258819045102522,-4.44089209850062E-17,0.965925826289068));
#4048=CARTESIAN_POINT('',(-11.9564440574555,6.,33.0309467848098));
#4049=VECTOR('',#4050,1.);
#4050=DIRECTION('',(0.965925826289068,0.,0.258819045102522));
#4051=CARTESIAN_POINT('',(-1.53080849893419E-15,5.99999999999998,25.));
#4052=AXIS2_PLACEMENT_3D('',#4053,#4054,#4055);
#4053=CARTESIAN_POINT('',(0.,6.,3.67394039744206E-16));
#4054=DIRECTION('',(0.,1.,6.12323399573677E-17));
#4055=DIRECTION('',(6.12323399573677E-17,-6.12323399573677E-17,1.));
#4056=CARTESIAN_POINT('',(12.9999999999998,5.99999999999999,178.5));
#4057=AXIS2_PLACEMENT_3D('',#4058,#4059,#4060);
#4058=CARTESIAN_POINT('',(12.9999999999998,5.99999999999999,180.));
#4059=DIRECTION('',(0.,1.,6.12323399573677E-17));
#4060=DIRECTION('',(-6.12323399573676E-17,6.12323399573677E-17,-1.));
#4061=CARTESIAN_POINT('',(-2.45225378463351E-13,5.99999999999999,178.5));
#4062=AXIS2_PLACEMENT_3D('',#4063,#4064,#4065);
#4063=CARTESIAN_POINT('',(-2.45500923993159E-13,5.99999999999999,180.));
#4064=DIRECTION('',(0.,1.,6.12323399573677E-17));
#4065=DIRECTION('',(6.12323399573591E-17,6.12323399573677E-17,-1.));
#4066=CARTESIAN_POINT('',(-2.4363333762446E-13,5.99999999999999,152.5));
#4067=AXIS2_PLACEMENT_3D('',#4068,#4069,#4070);
#4068=CARTESIAN_POINT('',(-2.43908883154268E-13,5.99999999999999,154.));
#4069=DIRECTION('',(0.,1.,6.12323399573677E-17));
#4070=DIRECTION('',(6.12323399573591E-17,6.12323399573677E-17,-1.));
#4071=CARTESIAN_POINT('',(-178.5,6.,12.9999999999998));
#4072=AXIS2_PLACEMENT_3D('',#4073,#4074,#4075);
#4073=CARTESIAN_POINT('',(-180.,6.,12.9999999999998));
#4074=DIRECTION('',(0.,1.,6.12323399573677E-17));
#4075=DIRECTION('',(1.,3.74939945665464E-33,-6.12323399573676E-17));
#4076=CARTESIAN_POINT('',(178.5,6.,2.56522745185485E-13));
#4077=AXIS2_PLACEMENT_3D('',#4078,#4079,#4080);
#4078=CARTESIAN_POINT('',(180.,6.,2.5689013922523E-13));
#4079=DIRECTION('',(0.,1.,6.12323399573677E-17));
#4080=DIRECTION('',(-1.,7.49879891330953E-33,-1.22464679914739E-16));
#4081=CARTESIAN_POINT('',(152.5,6.,2.53338663507702E-13));
#4082=AXIS2_PLACEMENT_3D('',#4083,#4084,#4085);
#4083=CARTESIAN_POINT('',(154.,6.,2.53706057547447E-13));
#4084=DIRECTION('',(0.,1.,6.12323399573677E-17));
#4085=DIRECTION('',(-1.,7.49879891330953E-33,-1.22464679914739E-16));
#4086=CARTESIAN_POINT('',(-152.5,6.,-2.33928011741217E-13));
#4087=AXIS2_PLACEMENT_3D('',#4088,#4089,#4090);
#4088=CARTESIAN_POINT('',(-154.,6.,-2.34111708761089E-13));
#4089=DIRECTION('',(0.,1.,6.12323399573677E-17));
#4090=DIRECTION('',(1.,-7.67703553209201E-46,1.25354928220276E-29));
#4091=CARTESIAN_POINT('',(-178.5,6.,-2.33928011741217E-13));
#4092=AXIS2_PLACEMENT_3D('',#4093,#4094,#4095);
#4093=CARTESIAN_POINT('',(-180.,6.,-2.34111708761089E-13));
#4094=DIRECTION('',(0.,1.,6.12323399573677E-17));
#4095=DIRECTION('',(1.,-7.67703553209201E-46,1.25354928220276E-29));
#4096=CARTESIAN_POINT('',(178.5,6.,-12.9999999999997));
#4097=AXIS2_PLACEMENT_3D('',#4098,#4099,#4100);
#4098=CARTESIAN_POINT('',(180.,6.,-12.9999999999997));
#4099=DIRECTION('',(0.,1.,6.12323399573677E-17));
#4100=DIRECTION('',(-1.,-3.74939945665464E-33,6.12323399573676E-17));
#4101=CARTESIAN_POINT('',(2.24957473937462E-13,6.00000000000001,-152.5));
#4102=AXIS2_PLACEMENT_3D('',#4103,#4104,#4105);
#4103=CARTESIAN_POINT('',(2.25049322447398E-13,6.00000000000001,-154.));
#4104=DIRECTION('',(0.,1.,6.12323399573677E-17));
#4105=DIRECTION('',(6.12323399573676E-17,-6.12323399573677E-17,1.));
#4106=CARTESIAN_POINT('',(2.23365433098571E-13,6.00000000000001,-178.5));
#4107=AXIS2_PLACEMENT_3D('',#4108,#4109,#4110);
#4108=CARTESIAN_POINT('',(2.23457281608507E-13,6.00000000000001,-180.));
#4109=DIRECTION('',(0.,1.,6.12323399573677E-17));
#4110=DIRECTION('',(6.12323399573676E-17,-6.12323399573677E-17,1.));
#4111=CARTESIAN_POINT('',(-12.9999999999998,6.00000000000001,-178.5));
#4112=AXIS2_PLACEMENT_3D('',#4113,#4114,#4115);
#4113=CARTESIAN_POINT('',(-12.9999999999998,6.00000000000001,-180.));
#4114=DIRECTION('',(0.,1.,6.12323399573677E-17));
#4115=DIRECTION('',(6.12323399573676E-17,-6.12323399573677E-17,1.));
#4116=CARTESIAN_POINT('',(-6.16088909972106,6.,34.583861055425));
#4117=VECTOR('',#4118,1.);
#4118=DIRECTION('',(0.,1.,0.));
#4119=CARTESIAN_POINT('',(-11.9564440574555,6.,33.0309467848098));
#4120=VECTOR('',#4121,1.);
#4121=DIRECTION('',(-1.48029736616688E-16,1.,0.));
#4122=CARTESIAN_POINT('',(-16.5136509038219,6.,73.2208941069877));
#4123=VECTOR('',#4124,1.);
#4124=DIRECTION('',(0.,1.,0.));
#4125=CARTESIAN_POINT('',(-22.3092058615563,5.99999999999999,71.6679798363726));
#4126=VECTOR('',#4127,1.);
#4127=DIRECTION('',(0.,1.,-1.1842378929335E-15));
#4128=CARTESIAN_POINT('',(-14.9019237886467,6.,31.8108891324554));
#4129=VECTOR('',#4130,1.);
#4130=DIRECTION('',(0.,1.,0.));
#4131=CARTESIAN_POINT('',(-20.0980762113534,6.,28.8108891324554));
#4132=VECTOR('',#4133,1.);
#4133=DIRECTION('',(0.,1.,0.));
#4134=CARTESIAN_POINT('',(-34.9019237886468,5.99999999999999,66.4519052838329));
#4135=VECTOR('',#4136,1.);
#4136=DIRECTION('',(0.,1.,0.));
#4137=CARTESIAN_POINT('',(-40.0980762113534,6.,63.4519052838329));
#4138=VECTOR('',#4139,1.);
#4139=DIRECTION('',(0.,1.,0.));
#4140=CARTESIAN_POINT('',(-22.6274169979696,6.,26.8700576850888));
#4141=VECTOR('',#4142,1.);
#4142=DIRECTION('',(0.,1.,0.));
#4143=CARTESIAN_POINT('',(-26.8700576850888,6.,22.6274169979695));
#4144=VECTOR('',#4145,1.);
#4145=DIRECTION('',(0.,1.,0.));
#4146=CARTESIAN_POINT('',(-50.9116882454315,6.,55.1543289325507));
#4147=VECTOR('',#4148,1.);
#4148=DIRECTION('',(0.,1.,0.));
#4149=CARTESIAN_POINT('',(-55.1543289325508,6.,50.9116882454314));
#4150=VECTOR('',#4151,1.);
#4151=DIRECTION('',(0.,1.,0.));
#4152=CARTESIAN_POINT('',(-28.8108891324554,6.,20.0980762113533));
#4153=VECTOR('',#4154,1.);
#4154=DIRECTION('',(0.,1.,0.));
#4155=CARTESIAN_POINT('',(-31.8108891324554,6.,14.9019237886467));
#4156=VECTOR('',#4157,1.);
#4157=DIRECTION('',(0.,1.,1.48029736616688E-16));
#4158=CARTESIAN_POINT('',(-63.451905283833,6.,40.0980762113533));
#4159=VECTOR('',#4160,1.);
#4160=DIRECTION('',(0.,1.,0.));
#4161=CARTESIAN_POINT('',(-66.451905283833,6.,34.9019237886467));
#4162=VECTOR('',#4163,1.);
#4163=DIRECTION('',(0.,1.,0.));
#4164=CARTESIAN_POINT('',(-33.0309467848099,6.,11.9564440574554));
#4165=VECTOR('',#4166,1.);
#4166=DIRECTION('',(0.,1.,1.48029736616688E-16));
#4167=CARTESIAN_POINT('',(-34.583861055425,6.,6.160889099721));
#4168=VECTOR('',#4169,1.);
#4169=DIRECTION('',(0.,1.,7.40148683083438E-17));
#4170=CARTESIAN_POINT('',(-71.6679798363726,6.,22.3092058615562));
#4171=VECTOR('',#4172,1.);
#4172=DIRECTION('',(0.,1.,0.));
#4173=CARTESIAN_POINT('',(-73.2208941069877,6.,16.5136509038218));
#4174=VECTOR('',#4175,1.);
#4175=DIRECTION('',(0.,1.,0.));
#4176=CARTESIAN_POINT('',(-35.,6.,2.99999999999998));
#4177=VECTOR('',#4178,1.);
#4178=DIRECTION('',(0.,1.,3.70074341541719E-17));
#4179=CARTESIAN_POINT('',(-35.,6.,-3.00000000000002));
#4180=VECTOR('',#4181,1.);
#4181=DIRECTION('',(0.,1.,3.70074341541719E-17));
#4182=CARTESIAN_POINT('',(-75.,6.,2.99999999999995));
#4183=VECTOR('',#4184,1.);
#4184=DIRECTION('',(0.,1.,3.70074341541719E-17));
#4185=CARTESIAN_POINT('',(-75.,6.,-3.00000000000005));
#4186=VECTOR('',#4187,1.);
#4187=DIRECTION('',(0.,1.,3.70074341541719E-17));
#4188=CARTESIAN_POINT('',(-34.583861055425,6.,-6.16088909972105));
#4189=VECTOR('',#4190,1.);
#4190=DIRECTION('',(0.,1.,7.40148683083438E-17));
#4191=CARTESIAN_POINT('',(-33.0309467848098,6.,-11.9564440574555));
#4192=VECTOR('',#4193,1.);
#4193=DIRECTION('',(0.,1.,1.48029736616688E-16));
#4194=CARTESIAN_POINT('',(-73.2208941069877,6.,-16.5136509038219));
#4195=VECTOR('',#4196,1.);
#4196=DIRECTION('',(0.,1.,0.));
#4197=CARTESIAN_POINT('',(-71.6679798363726,6.,-22.3092058615563));
#4198=VECTOR('',#4199,1.);
#4199=DIRECTION('',(0.,1.,0.));
#4200=CARTESIAN_POINT('',(-31.8108891324554,6.,-14.9019237886467));
#4201=VECTOR('',#4202,1.);
#4202=DIRECTION('',(0.,1.,1.48029736616688E-16));
#4203=CARTESIAN_POINT('',(-28.8108891324553,6.,-20.0980762113533));
#4204=VECTOR('',#4205,1.);
#4205=DIRECTION('',(0.,1.,0.));
#4206=CARTESIAN_POINT('',(-66.4519052838329,6.,-34.9019237886467));
#4207=VECTOR('',#4208,1.);
#4208=DIRECTION('',(0.,1.,0.));
#4209=CARTESIAN_POINT('',(-63.4519052838329,6.,-40.0980762113534));
#4210=VECTOR('',#4211,1.);
#4211=DIRECTION('',(0.,1.,0.));
#4212=CARTESIAN_POINT('',(-26.8700576850888,6.,-22.6274169979695));
#4213=VECTOR('',#4214,1.);
#4214=DIRECTION('',(0.,1.,0.));
#4215=CARTESIAN_POINT('',(-22.6274169979695,6.,-26.8700576850888));
#4216=VECTOR('',#4217,1.);
#4217=DIRECTION('',(0.,1.,0.));
#4218=CARTESIAN_POINT('',(-55.1543289325507,6.,-50.9116882454315));
#4219=VECTOR('',#4220,1.);
#4220=DIRECTION('',(0.,1.,0.));
#4221=CARTESIAN_POINT('',(-50.9116882454314,6.,-55.1543289325508));
#4222=VECTOR('',#4223,1.);
#4223=DIRECTION('',(0.,1.,0.));
#4224=CARTESIAN_POINT('',(-20.0980762113533,6.,-28.8108891324554));
#4225=VECTOR('',#4226,1.);
#4226=DIRECTION('',(0.,1.,0.));
#4227=CARTESIAN_POINT('',(-14.9019237886467,6.,-31.8108891324554));
#4228=VECTOR('',#4229,1.);
#4229=DIRECTION('',(0.,1.,0.));
#4230=CARTESIAN_POINT('',(-40.0980762113533,6.,-63.4519052838329));
#4231=VECTOR('',#4232,1.);
#4232=DIRECTION('',(0.,1.,0.));
#4233=CARTESIAN_POINT('',(-34.9019237886467,6.,-66.4519052838329));
#4234=VECTOR('',#4235,1.);
#4235=DIRECTION('',(0.,1.,0.));
#4236=CARTESIAN_POINT('',(-11.9564440574554,6.,-33.0309467848098));
#4237=VECTOR('',#4238,1.);
#4238=DIRECTION('',(0.,1.,0.));
#4239=CARTESIAN_POINT('',(-6.16088909972101,6.,-34.583861055425));
#4240=VECTOR('',#4241,1.);
#4241=DIRECTION('',(0.,1.,0.));
#4242=CARTESIAN_POINT('',(-22.3092058615562,6.00000000000001,-71.6679798363726));
#4243=VECTOR('',#4244,1.);
#4244=DIRECTION('',(0.,1.,0.));
#4245=CARTESIAN_POINT('',(-16.5136509038218,6.00000000000001,-73.2208941069877));
#4246=VECTOR('',#4247,1.);
#4247=DIRECTION('',(0.,1.,0.));
#4248=CARTESIAN_POINT('',(-2.99999999999998,6.,-35.));
#4249=VECTOR('',#4250,1.);
#4250=DIRECTION('',(0.,1.,0.));
#4251=CARTESIAN_POINT('',(3.00000000000002,6.,-35.));
#4252=VECTOR('',#4253,1.);
#4253=DIRECTION('',(0.,1.,0.));
#4254=CARTESIAN_POINT('',(-2.99999999999997,6.,-75.));
#4255=VECTOR('',#4256,1.);
#4256=DIRECTION('',(0.,1.,0.));
#4257=CARTESIAN_POINT('',(3.00000000000003,6.00000000000001,-75.));
#4258=VECTOR('',#4259,1.);
#4259=DIRECTION('',(0.,1.,0.));
#4260=CARTESIAN_POINT('',(6.16088909972104,6.,-34.5838610554249));
#4261=VECTOR('',#4262,1.);
#4262=DIRECTION('',(0.,1.,0.));
#4263=CARTESIAN_POINT('',(11.9564440574554,6.,-33.0309467848098));
#4264=VECTOR('',#4265,1.);
#4265=DIRECTION('',(0.,1.,0.));
#4266=CARTESIAN_POINT('',(16.5136509038219,6.,-73.2208941069877));
#4267=VECTOR('',#4268,1.);
#4268=DIRECTION('',(0.,1.,0.));
#4269=CARTESIAN_POINT('',(22.3092058615563,6.00000000000001,-71.6679798363726));
#4270=VECTOR('',#4271,1.);
#4271=DIRECTION('',(0.,1.,0.));
#4272=CARTESIAN_POINT('',(14.9019237886467,6.,-31.8108891324554));
#4273=VECTOR('',#4274,1.);
#4274=DIRECTION('',(2.96059473233375E-16,1.,-2.96059473233375E-16));
#4275=CARTESIAN_POINT('',(20.0980762113533,6.,-28.8108891324553));
#4276=VECTOR('',#4277,1.);
#4277=DIRECTION('',(0.,1.,0.));
#4278=CARTESIAN_POINT('',(34.9019237886467,6.,-66.4519052838329));
#4279=VECTOR('',#4280,1.);
#4280=DIRECTION('',(0.,1.,0.));
#4281=CARTESIAN_POINT('',(40.0980762113533,6.,-63.4519052838329));
#4282=VECTOR('',#4283,1.);
#4283=DIRECTION('',(0.,1.,0.));
#4284=CARTESIAN_POINT('',(22.6274169979695,6.,-26.8700576850888));
#4285=VECTOR('',#4286,1.);
#4286=DIRECTION('',(0.,1.,0.));
#4287=CARTESIAN_POINT('',(26.8700576850888,6.,-22.6274169979695));
#4288=VECTOR('',#4289,1.);
#4289=DIRECTION('',(0.,1.,0.));
#4290=CARTESIAN_POINT('',(50.9116882454315,6.,-55.1543289325507));
#4291=VECTOR('',#4292,1.);
#4292=DIRECTION('',(0.,1.,0.));
#4293=CARTESIAN_POINT('',(55.1543289325507,6.,-50.9116882454314));
#4294=VECTOR('',#4295,1.);
#4295=DIRECTION('',(0.,1.,0.));
#4296=CARTESIAN_POINT('',(28.8108891324554,6.,-20.0980762113533));
#4297=VECTOR('',#4298,1.);
#4298=DIRECTION('',(0.,1.,0.));
#4299=CARTESIAN_POINT('',(31.8108891324554,6.,-14.9019237886467));
#4300=VECTOR('',#4301,1.);
#4301=DIRECTION('',(0.,1.,0.));
#4302=CARTESIAN_POINT('',(63.4519052838329,6.,-40.0980762113533));
#4303=VECTOR('',#4304,1.);
#4304=DIRECTION('',(0.,1.,0.));
#4305=CARTESIAN_POINT('',(66.4519052838329,6.,-34.9019237886467));
#4306=VECTOR('',#4307,1.);
#4307=DIRECTION('',(0.,1.,-5.9211894646675E-16));
#4308=CARTESIAN_POINT('',(33.0309467848098,6.,-11.9564440574554));
#4309=VECTOR('',#4310,1.);
#4310=DIRECTION('',(0.,1.,0.));
#4311=CARTESIAN_POINT('',(34.583861055425,6.,-6.16088909972101));
#4312=VECTOR('',#4313,1.);
#4313=DIRECTION('',(0.,1.,7.40148683083438E-17));
#4314=CARTESIAN_POINT('',(71.6679798363726,6.,-22.3092058615562));
#4315=VECTOR('',#4316,1.);
#4316=DIRECTION('',(0.,1.,0.));
#4317=CARTESIAN_POINT('',(73.2208941069877,6.,-16.5136509038218));
#4318=VECTOR('',#4319,1.);
#4319=DIRECTION('',(0.,1.,-2.96059473233375E-16));
#4320=CARTESIAN_POINT('',(35.,6.,-2.99999999999999));
#4321=VECTOR('',#4322,1.);
#4322=DIRECTION('',(0.,1.,3.70074341541719E-17));
#4323=CARTESIAN_POINT('',(35.,6.,3.00000000000001));
#4324=VECTOR('',#4325,1.);
#4325=DIRECTION('',(0.,1.,3.70074341541719E-17));
#4326=CARTESIAN_POINT('',(75.,6.,-2.99999999999998));
#4327=VECTOR('',#4328,1.);
#4328=DIRECTION('',(0.,1.,3.70074341541719E-17));
#4329=CARTESIAN_POINT('',(75.,6.,3.00000000000001));
#4330=VECTOR('',#4331,1.);
#4331=DIRECTION('',(0.,1.,3.70074341541719E-17));
#4332=CARTESIAN_POINT('',(34.583861055425,6.,6.16088909972103));
#4333=VECTOR('',#4334,1.);
#4334=DIRECTION('',(-5.9211894646675E-16,1.,-7.40148683083438E-17));
#4335=CARTESIAN_POINT('',(33.0309467848098,6.,11.9564440574554));
#4336=VECTOR('',#4337,1.);
#4337=DIRECTION('',(0.,1.,1.48029736616688E-16));
#4338=CARTESIAN_POINT('',(73.2208941069877,6.,16.5136509038219));
#4339=VECTOR('',#4340,1.);
#4340=DIRECTION('',(0.,1.,0.));
#4341=CARTESIAN_POINT('',(71.6679798363726,6.,22.3092058615563));
#4342=VECTOR('',#4343,1.);
#4343=DIRECTION('',(0.,1.,0.));
#4344=CARTESIAN_POINT('',(31.8108891324553,6.,14.9019237886467));
#4345=VECTOR('',#4346,1.);
#4346=DIRECTION('',(0.,1.,1.48029736616687E-16));
#4347=CARTESIAN_POINT('',(28.8108891324554,6.,20.0980762113533));
#4348=VECTOR('',#4349,1.);
#4349=DIRECTION('',(0.,1.,0.));
#4350=CARTESIAN_POINT('',(66.4519052838329,6.,34.9019237886467));
#4351=VECTOR('',#4352,1.);
#4352=DIRECTION('',(0.,1.,0.));
#4353=CARTESIAN_POINT('',(63.4519052838329,6.,40.0980762113533));
#4354=VECTOR('',#4355,1.);
#4355=DIRECTION('',(0.,1.,0.));
#4356=CARTESIAN_POINT('',(26.8700576850888,6.,22.6274169979695));
#4357=VECTOR('',#4358,1.);
#4358=DIRECTION('',(0.,1.,0.));
#4359=CARTESIAN_POINT('',(22.6274169979695,6.,26.8700576850888));
#4360=VECTOR('',#4361,1.);
#4361=DIRECTION('',(0.,1.,0.));
#4362=CARTESIAN_POINT('',(55.1543289325507,6.,50.9116882454314));
#4363=VECTOR('',#4364,1.);
#4364=DIRECTION('',(0.,1.,0.));
#4365=CARTESIAN_POINT('',(50.9116882454314,6.,55.1543289325507));
#4366=VECTOR('',#4367,1.);
#4367=DIRECTION('',(0.,1.,0.));
#4368=CARTESIAN_POINT('',(20.0980762113533,6.,28.8108891324554));
#4369=VECTOR('',#4370,1.);
#4370=DIRECTION('',(0.,1.,0.));
#4371=CARTESIAN_POINT('',(14.9019237886467,6.,31.8108891324554));
#4372=VECTOR('',#4373,1.);
#4373=DIRECTION('',(0.,1.,0.));
#4374=CARTESIAN_POINT('',(40.0980762113533,6.,63.4519052838329));
#4375=VECTOR('',#4376,1.);
#4376=DIRECTION('',(0.,1.,0.));
#4377=CARTESIAN_POINT('',(34.9019237886467,6.,66.4519052838329));
#4378=VECTOR('',#4379,1.);
#4379=DIRECTION('',(0.,1.,0.));
#4380=CARTESIAN_POINT('',(11.9564440574554,6.,33.0309467848098));
#4381=VECTOR('',#4382,1.);
#4382=DIRECTION('',(1.48029736616688E-16,1.,0.));
#4383=CARTESIAN_POINT('',(6.16088909972102,6.,34.5838610554249));
#4384=VECTOR('',#4385,1.);
#4385=DIRECTION('',(0.,1.,0.));
#4386=CARTESIAN_POINT('',(22.3092058615563,6.,71.6679798363726));
#4387=VECTOR('',#4388,1.);
#4388=DIRECTION('',(0.,1.,0.));
#4389=CARTESIAN_POINT('',(16.5136509038219,5.99999999999999,73.2208941069877));
#4390=VECTOR('',#4391,1.);
#4391=DIRECTION('',(-2.96059473233375E-16,1.,0.));
#4392=CARTESIAN_POINT('',(3.,6.,35.));
#4393=VECTOR('',#4394,1.);
#4394=DIRECTION('',(0.,1.,0.));
#4395=CARTESIAN_POINT('',(-3.,6.,35.));
#4396=VECTOR('',#4397,1.);
#4397=DIRECTION('',(0.,1.,0.));
#4398=CARTESIAN_POINT('',(3.,5.99999999999999,75.));
#4399=VECTOR('',#4400,1.);
#4400=DIRECTION('',(0.,1.,0.));
#4401=CARTESIAN_POINT('',(-3.,5.99999999999999,75.));
#4402=VECTOR('',#4403,1.);
#4403=DIRECTION('',(0.,1.,0.));
#4404=CARTESIAN_POINT('',(4.22503145705837E-14,15.,-230.));
#4405=AXIS2_PLACEMENT_3D('',#4406,#4407,#4408);
#4406=CARTESIAN_POINT('',(0.,15.,9.18485099360515E-16));
#4407=DIRECTION('',(0.,1.,6.12323399573677E-17));
#4408=DIRECTION('',(6.12323399573677E-17,6.12323399573677E-17,-1.));
#4409=CARTESIAN_POINT('',(180.,15.,-40.));
#4410=AXIS2_PLACEMENT_3D('',#4411,#4412,#4413);
#4411=CARTESIAN_POINT('',(180.,15.,4.50057698686652E-14));
#4412=DIRECTION('',(-6.84227765783602E-49,1.,6.12323399573677E-17));
#4413=DIRECTION('',(-1.15110503763003E-65,6.12323399573677E-17,-1.));
#4414=CARTESIAN_POINT('',(-180.,15.,-40.));
#4415=AXIS2_PLACEMENT_3D('',#4416,#4417,#4418);
#4416=CARTESIAN_POINT('',(-180.,15.,-2.11251572852918E-14));
#4417=DIRECTION('',(-6.84227765783602E-49,1.,6.12323399573677E-17));
#4418=DIRECTION('',(-1.15110503763003E-65,6.12323399573677E-17,-1.));
#4419=CARTESIAN_POINT('',(1.83697019872103E-14,15.,-220.));
#4420=AXIS2_PLACEMENT_3D('',#4421,#4422,#4423);
#4421=CARTESIAN_POINT('',(1.10218211923262E-14,15.,-180.));
#4422=DIRECTION('',(-6.84227765783602E-49,1.,6.12323399573677E-17));
#4423=DIRECTION('',(6.12323399573677E-17,6.12323399573677E-17,-1.));
#4424=CARTESIAN_POINT('',(-2.57175827820944E-14,15.,140.));
#4425=AXIS2_PLACEMENT_3D('',#4426,#4427,#4428);
#4426=CARTESIAN_POINT('',(-3.30654635769785E-14,15.,180.));
#4427=DIRECTION('',(-6.84227765783602E-49,1.,6.12323399573677E-17));
#4428=DIRECTION('',(6.12323399573677E-17,6.12323399573677E-17,-1.));
#4429=CARTESIAN_POINT('',(3.85763741731416E-14,-1.28587913910472E-14,210.));
#4430=AXIS2_PLACEMENT_3D('',#4431,#4432,#4433);
#4431=CARTESIAN_POINT('',(0.,-3.01898744547311E-48,4.93038065763132E-32));
#4432=DIRECTION('',(0.,-1.,-6.12323399573677E-17));
#4433=DIRECTION('',(6.12323399573677E-17,-6.12323399573677E-17,1.));
#4434=CARTESIAN_POINT('',(12.9999999999998,6.99999999999999,178.5));
#4435=AXIS2_PLACEMENT_3D('',#4436,#4437,#4438);
#4436=CARTESIAN_POINT('',(12.9999999999998,6.99999999999999,180.));
#4437=DIRECTION('',(0.,1.,6.12323399573677E-17));
#4438=DIRECTION('',(-6.12323399573676E-17,6.12323399573677E-17,-1.));
#4439=CARTESIAN_POINT('',(-2.45225378463351E-13,6.99999999999999,178.5));
#4440=AXIS2_PLACEMENT_3D('',#4441,#4442,#4443);
#4441=CARTESIAN_POINT('',(-2.45500923993159E-13,6.99999999999999,180.));
#4442=DIRECTION('',(0.,1.,6.12323399573677E-17));
#4443=DIRECTION('',(6.12323399573591E-17,6.12323399573677E-17,-1.));
#4444=CARTESIAN_POINT('',(-2.4363333762446E-13,6.99999999999999,152.5));
#4445=AXIS2_PLACEMENT_3D('',#4446,#4447,#4448);
#4446=CARTESIAN_POINT('',(-2.43908883154268E-13,6.99999999999999,154.));
#4447=DIRECTION('',(0.,1.,6.12323399573677E-17));
#4448=DIRECTION('',(6.12323399573591E-17,6.12323399573677E-17,-1.));
#4449=CARTESIAN_POINT('',(-178.5,7.,12.9999999999998));
#4450=AXIS2_PLACEMENT_3D('',#4451,#4452,#4453);
#4451=CARTESIAN_POINT('',(-180.,7.,12.9999999999998));
#4452=DIRECTION('',(0.,1.,6.12323399573677E-17));
#4453=DIRECTION('',(1.,3.74939945665464E-33,-6.12323399573676E-17));
#4454=CARTESIAN_POINT('',(178.5,7.,2.56583977525443E-13));
#4455=AXIS2_PLACEMENT_3D('',#4456,#4457,#4458);
#4456=CARTESIAN_POINT('',(180.,7.,2.56951371565187E-13));
#4457=DIRECTION('',(0.,1.,6.12323399573677E-17));
#4458=DIRECTION('',(-1.,7.49879891330953E-33,-1.22464679914739E-16));
#4459=CARTESIAN_POINT('',(152.5,7.,2.5339989584766E-13));
#4460=AXIS2_PLACEMENT_3D('',#4461,#4462,#4463);
#4461=CARTESIAN_POINT('',(154.,7.,2.53767289887404E-13));
#4462=DIRECTION('',(0.,1.,6.12323399573677E-17));
#4463=DIRECTION('',(-1.,7.49879891330953E-33,-1.22464679914739E-16));
#4464=CARTESIAN_POINT('',(-152.5,7.,-2.33866779401259E-13));
#4465=AXIS2_PLACEMENT_3D('',#4466,#4467,#4468);
#4466=CARTESIAN_POINT('',(-154.,7.,-2.34050476421131E-13));
#4467=DIRECTION('',(0.,1.,6.12323399573677E-17));
#4468=DIRECTION('',(1.,-7.67703553209201E-46,1.25354928220276E-29));
#4469=CARTESIAN_POINT('',(-178.5,7.,-2.33866779401259E-13));
#4470=AXIS2_PLACEMENT_3D('',#4471,#4472,#4473);
#4471=CARTESIAN_POINT('',(-180.,7.,-2.34050476421131E-13));
#4472=DIRECTION('',(0.,1.,6.12323399573677E-17));
#4473=DIRECTION('',(1.,-7.67703553209201E-46,1.25354928220276E-29));
#4474=CARTESIAN_POINT('',(178.5,7.,-12.9999999999997));
#4475=AXIS2_PLACEMENT_3D('',#4476,#4477,#4478);
#4476=CARTESIAN_POINT('',(180.,7.,-12.9999999999997));
#4477=DIRECTION('',(0.,1.,6.12323399573677E-17));
#4478=DIRECTION('',(-1.,-3.74939945665464E-33,6.12323399573676E-17));
#4479=CARTESIAN_POINT('',(2.24957473937462E-13,8.00000000000001,-152.5));
#4480=AXIS2_PLACEMENT_3D('',#4481,#4482,#4483);
#4481=CARTESIAN_POINT('',(2.25049322447398E-13,8.00000000000001,-154.));
#4482=DIRECTION('',(6.84227765783602E-49,1.,6.12323399573677E-17));
#4483=DIRECTION('',(6.12323399573676E-17,-6.12323399573677E-17,1.));
#4484=CARTESIAN_POINT('',(2.23365433098571E-13,8.00000000000001,-178.5));
#4485=AXIS2_PLACEMENT_3D('',#4486,#4487,#4488);
#4486=CARTESIAN_POINT('',(2.23457281608507E-13,8.00000000000001,-180.));
#4487=DIRECTION('',(6.84227765783602E-49,1.,6.12323399573677E-17));
#4488=DIRECTION('',(6.12323399573676E-17,-6.12323399573677E-17,1.));
#4489=CARTESIAN_POINT('',(-12.9999999999998,8.00000000000001,-178.5));
#4490=AXIS2_PLACEMENT_3D('',#4491,#4492,#4493);
#4491=CARTESIAN_POINT('',(-12.9999999999998,8.00000000000001,-180.));
#4492=DIRECTION('',(6.84227765783602E-49,1.,6.12323399573677E-17));
#4493=DIRECTION('',(6.12323399573676E-17,-6.12323399573677E-17,1.));
#4494=CARTESIAN_POINT('',(4.22503145705837E-14,1.40834381901946E-14,-230.));
#4495=AXIS2_PLACEMENT_3D('',#4496,#4497,#4498);
#4496=CARTESIAN_POINT('',(0.,0.,0.));
#4497=DIRECTION('',(0.,1.,6.12323399573677E-17));
#4498=DIRECTION('',(6.12323399573677E-17,6.12323399573677E-17,-1.));
#4499=CARTESIAN_POINT('',(180.,12.,-40.));
#4500=AXIS2_PLACEMENT_3D('',#4501,#4502,#4503);
#4501=CARTESIAN_POINT('',(180.,12.,4.48220728487931E-14));
#4502=DIRECTION('',(0.,1.,6.12323399573677E-17));
#4503=DIRECTION('',(6.12323399573677E-17,6.12323399573677E-17,-1.));
#4504=CARTESIAN_POINT('',(-180.,12.,-40.));
#4505=AXIS2_PLACEMENT_3D('',#4506,#4507,#4508);
#4506=CARTESIAN_POINT('',(-180.,12.,-2.13088543051639E-14));
#4507=DIRECTION('',(0.,1.,6.12323399573677E-17));
#4508=DIRECTION('',(6.12323399573677E-17,6.12323399573677E-17,-1.));
#4509=CARTESIAN_POINT('',(1.83697019872103E-14,12.,-220.));
#4510=AXIS2_PLACEMENT_3D('',#4511,#4512,#4513);
#4511=CARTESIAN_POINT('',(1.10218211923262E-14,12.,-180.));
#4512=DIRECTION('',(0.,1.,6.12323399573677E-17));
#4513=DIRECTION('',(6.12323399573677E-17,6.12323399573677E-17,-1.));
#4514=CARTESIAN_POINT('',(-2.57175827820944E-14,12.,140.));
#4515=AXIS2_PLACEMENT_3D('',#4516,#4517,#4518);
#4516=CARTESIAN_POINT('',(-3.30654635769785E-14,12.,180.));
#4517=DIRECTION('',(0.,1.,6.12323399573677E-17));
#4518=DIRECTION('',(6.12323399573677E-17,6.12323399573677E-17,-1.));
#4519=CARTESIAN_POINT('',(12.9999999999998,6.99999999999999,177.));
#4520=AXIS2_PLACEMENT_3D('',#4521,#4522,#4523);
#4521=CARTESIAN_POINT('',(12.9999999999998,6.99999999999999,180.));
#4522=DIRECTION('',(0.,1.,6.12323399573677E-17));
#4523=DIRECTION('',(6.12323399573677E-17,6.12323399573677E-17,-1.));
#4524=CARTESIAN_POINT('',(-2.44949832933543E-13,6.99999999999999,177.));
#4525=AXIS2_PLACEMENT_3D('',#4526,#4527,#4528);
#4526=CARTESIAN_POINT('',(-2.45500923993159E-13,6.99999999999999,180.));
#4527=DIRECTION('',(0.,1.,6.12323399573677E-17));
#4528=DIRECTION('',(6.12323399573677E-17,6.12323399573677E-17,-1.));
#4529=CARTESIAN_POINT('',(-2.43357792094651E-13,6.99999999999999,151.));
#4530=AXIS2_PLACEMENT_3D('',#4531,#4532,#4533);
#4531=CARTESIAN_POINT('',(-2.43908883154268E-13,6.99999999999999,154.));
#4532=DIRECTION('',(0.,1.,6.12323399573677E-17));
#4533=DIRECTION('',(6.12323399573677E-17,6.12323399573677E-17,-1.));
#4534=CARTESIAN_POINT('',(-177.,7.,12.9999999999998));
#4535=AXIS2_PLACEMENT_3D('',#4536,#4537,#4538);
#4536=CARTESIAN_POINT('',(-180.,7.,12.9999999999998));
#4537=DIRECTION('',(0.,1.,6.12323399573677E-17));
#4538=DIRECTION('',(1.,0.,0.));
#4539=CARTESIAN_POINT('',(177.,7.,2.56216583485699E-13));
#4540=AXIS2_PLACEMENT_3D('',#4541,#4542,#4543);
#4541=CARTESIAN_POINT('',(180.,7.,2.56951371565187E-13));
#4542=DIRECTION('',(0.,1.,6.12323399573677E-17));
#4543=DIRECTION('',(-1.,7.49879891330929E-33,-1.22464679914735E-16));
#4544=CARTESIAN_POINT('',(151.,7.,2.53032501807915E-13));
#4545=AXIS2_PLACEMENT_3D('',#4546,#4547,#4548);
#4546=CARTESIAN_POINT('',(154.,7.,2.53767289887404E-13));
#4547=DIRECTION('',(0.,1.,6.12323399573677E-17));
#4548=DIRECTION('',(-1.,7.49879891330929E-33,-1.22464679914735E-16));
#4549=CARTESIAN_POINT('',(-151.,7.,-2.33683082381387E-13));
#4550=AXIS2_PLACEMENT_3D('',#4551,#4552,#4553);
#4551=CARTESIAN_POINT('',(-154.,7.,-2.34050476421131E-13));
#4552=DIRECTION('',(0.,1.,6.12323399573677E-17));
#4553=DIRECTION('',(1.,0.,0.));
#4554=CARTESIAN_POINT('',(-177.,7.,-2.33683082381387E-13));
#4555=AXIS2_PLACEMENT_3D('',#4556,#4557,#4558);
#4556=CARTESIAN_POINT('',(-180.,7.,-2.34050476421131E-13));
#4557=DIRECTION('',(0.,1.,6.12323399573677E-17));
#4558=DIRECTION('',(1.,0.,0.));
#4559=CARTESIAN_POINT('',(177.,7.,-12.9999999999997));
#4560=AXIS2_PLACEMENT_3D('',#4561,#4562,#4563);
#4561=CARTESIAN_POINT('',(180.,7.,-12.9999999999997));
#4562=DIRECTION('',(0.,1.,6.12323399573677E-17));
#4563=DIRECTION('',(-1.,7.49879891330929E-33,-1.22464679914735E-16));
#4564=CARTESIAN_POINT('',(2.24865625427526E-13,8.00000000000001,-151.));
#4565=AXIS2_PLACEMENT_3D('',#4566,#4567,#4568);
#4566=CARTESIAN_POINT('',(2.25049322447398E-13,8.00000000000001,-154.));
#4567=DIRECTION('',(6.84227765783602E-49,1.,6.12323399573677E-17));
#4568=DIRECTION('',(6.12323399573676E-17,-6.12323399573677E-17,1.));
#4569=CARTESIAN_POINT('',(2.23273584588635E-13,8.00000000000001,-177.));
#4570=AXIS2_PLACEMENT_3D('',#4571,#4572,#4573);
#4571=CARTESIAN_POINT('',(2.23457281608507E-13,8.00000000000001,-180.));
#4572=DIRECTION('',(6.84227765783602E-49,1.,6.12323399573677E-17));
#4573=DIRECTION('',(6.12323399573676E-17,-6.12323399573677E-17,1.));
#4574=CARTESIAN_POINT('',(-12.9999999999998,8.00000000000001,-177.));
#4575=AXIS2_PLACEMENT_3D('',#4576,#4577,#4578);
#4576=CARTESIAN_POINT('',(-12.9999999999998,8.00000000000001,-180.));
#4577=DIRECTION('',(6.84227765783602E-49,1.,6.12323399573677E-17));
#4578=DIRECTION('',(6.12323399573676E-17,-6.12323399573677E-17,1.));
#4579=CARTESIAN_POINT('',(177.,12.,-12.9999999999997));
#4580=AXIS2_PLACEMENT_3D('',#4581,#4582,#4583);
#4581=CARTESIAN_POINT('',(180.,12.,-12.9999999999997));
#4582=DIRECTION('',(0.,1.,6.12323399573677E-17));
#4583=DIRECTION('',(-1.,-3.74939945665464E-33,6.12323399573676E-17));
#4584=CARTESIAN_POINT('',(151.,12.,2.53338663507702E-13));
#4585=AXIS2_PLACEMENT_3D('',#4586,#4587,#4588);
#4586=CARTESIAN_POINT('',(154.,12.,2.54073451587191E-13));
#4587=DIRECTION('',(0.,1.,6.12323399573677E-17));
#4588=DIRECTION('',(-1.,7.49879891330953E-33,-1.22464679914739E-16));
#4589=CARTESIAN_POINT('',(177.,12.,2.56522745185485E-13));
#4590=AXIS2_PLACEMENT_3D('',#4591,#4592,#4593);
#4591=CARTESIAN_POINT('',(180.,12.,2.57257533264974E-13));
#4592=DIRECTION('',(0.,1.,6.12323399573677E-17));
#4593=DIRECTION('',(-1.,7.49879891330953E-33,-1.22464679914739E-16));
#4594=CARTESIAN_POINT('',(-177.,12.,-2.333769206816E-13));
#4595=AXIS2_PLACEMENT_3D('',#4596,#4597,#4598);
#4596=CARTESIAN_POINT('',(-180.,12.,-2.33744314721345E-13));
#4597=DIRECTION('',(0.,1.,6.12323399573677E-17));
#4598=DIRECTION('',(1.,2.62743462060903E-46,-4.28943117213925E-30));
#4599=CARTESIAN_POINT('',(-151.,12.,-2.333769206816E-13));
#4600=AXIS2_PLACEMENT_3D('',#4601,#4602,#4603);
#4601=CARTESIAN_POINT('',(-154.,12.,-2.33744314721345E-13));
#4602=DIRECTION('',(0.,1.,6.12323399573677E-17));
#4603=DIRECTION('',(1.,2.62743462060903E-46,-4.28943117213925E-30));
#4604=CARTESIAN_POINT('',(-177.,12.,12.9999999999998));
#4605=AXIS2_PLACEMENT_3D('',#4606,#4607,#4608);
#4606=CARTESIAN_POINT('',(-180.,12.,12.9999999999998));
#4607=DIRECTION('',(0.,1.,6.12323399573677E-17));
#4608=DIRECTION('',(1.,3.74939945665464E-33,-6.12323399573676E-17));
#4609=CARTESIAN_POINT('',(2.24865625427526E-13,12.,-151.));
#4610=AXIS2_PLACEMENT_3D('',#4611,#4612,#4613);
#4611=CARTESIAN_POINT('',(2.25049322447398E-13,12.,-154.));
#4612=DIRECTION('',(0.,1.,6.12323399573677E-17));
#4613=DIRECTION('',(6.12323399573676E-17,-6.12323399573677E-17,1.));
#4614=CARTESIAN_POINT('',(-12.9999999999998,12.,-177.));
#4615=AXIS2_PLACEMENT_3D('',#4616,#4617,#4618);
#4616=CARTESIAN_POINT('',(-12.9999999999998,12.,-180.));
#4617=DIRECTION('',(0.,1.,6.12323399573677E-17));
#4618=DIRECTION('',(6.12323399573676E-17,-6.12323399573677E-17,1.));
#4619=CARTESIAN_POINT('',(2.23273584588635E-13,12.,-177.));
#4620=AXIS2_PLACEMENT_3D('',#4621,#4622,#4623);
#4621=CARTESIAN_POINT('',(2.23457281608507E-13,12.,-180.));
#4622=DIRECTION('',(0.,1.,6.12323399573677E-17));
#4623=DIRECTION('',(6.12323399573676E-17,-6.12323399573677E-17,1.));
#4624=CARTESIAN_POINT('',(-2.43357792094651E-13,12.,151.));
#4625=AXIS2_PLACEMENT_3D('',#4626,#4627,#4628);
#4626=CARTESIAN_POINT('',(-2.43908883154268E-13,12.,154.));
#4627=DIRECTION('',(0.,1.,6.12323399573677E-17));
#4628=DIRECTION('',(6.12323399573759E-17,6.12323399573677E-17,-1.));
#4629=CARTESIAN_POINT('',(-2.44949832933543E-13,12.,177.));
#4630=AXIS2_PLACEMENT_3D('',#4631,#4632,#4633);
#4631=CARTESIAN_POINT('',(-2.45500923993159E-13,12.,180.));
#4632=DIRECTION('',(0.,1.,6.12323399573677E-17));
#4633=DIRECTION('',(6.12323399573759E-17,6.12323399573677E-17,-1.));
#4634=CARTESIAN_POINT('',(12.9999999999998,12.,177.));
#4635=AXIS2_PLACEMENT_3D('',#4636,#4637,#4638);
#4636=CARTESIAN_POINT('',(12.9999999999998,12.,180.));
#4637=DIRECTION('',(0.,1.,6.12323399573677E-17));
#4638=DIRECTION('',(-6.12323399573676E-17,6.12323399573677E-17,-1.));
#4639=DRAUGHTING_MODEL('NONE',(#4645,#4755,#4865,#4975),#8);
#4640=PLANE('',#4641);
#4641=AXIS2_PLACEMENT_3D('',#4642,#4643,#4644);
#4642=CARTESIAN_POINT('',(-8.57252759403147E-15,12.,-140.));
#4643=DIRECTION('',(-1.,0.,6.12323399573677E-17));
#4644=DIRECTION('',(-3.74939945665464E-33,-1.,-6.12323399573677E-17));
#4645=ANNOTATION_PLANE('',(#4646),#4640,(#4683));
#4646=PRESENTATION_STYLE_ASSIGNMENT((#4648));
#4647=COLOUR_RGB('',0.,0.,0.);
#4648=CURVE_STYLE('',#4649,POSITIVE_LENGTH_MEASURE(0.1),#4647);
#4649=PRE_DEFINED_CURVE_FONT('continuous');
#4650=POLYLINE('',(#5070,#5071));
#4651=(ANNOTATION_OCCURRENCE()ANNOTATION_CURVE_OCCURRENCE()DRAUGHTING_ANNOTATION_OCCURRENCE(
)GEOMETRIC_REPRESENTATION_ITEM()REPRESENTATION_ITEM('')STYLED_ITEM((#4652),#4650));
#4652=PRESENTATION_STYLE_ASSIGNMENT((#4653));
#4653=CURVE_STYLE('',#4654,POSITIVE_LENGTH_MEASURE(0.1),#4655);
#4654=PRE_DEFINED_CURVE_FONT('continuous');
#4655=COLOUR_RGB('',0.,0.,0.);
#4656=EXTERNALLY_DEFINED_TEXT_FONT(IDENTIFIER(''),#4657);
#4657=EXTERNAL_SOURCE(IDENTIFIER('GOST Type AU'));
#4658=TEXT_LITERAL_WITH_EXTENT('','4',#4660,'',.UNSPECIFIED.,#4656,#4659);
#4659=PLANAR_EXTENT('',4.86270809173584,7.38187503814697);
#4660=AXIS2_PLACEMENT_3D('',#4661,#4662,#4663);
#4661=CARTESIAN_POINT('',(-2.05990864867816E-14,57.8627080917359,-336.408611872803));
#4662=DIRECTION('',(-1.,0.,6.12323399573677E-17));
#4663=DIRECTION('',(-3.74939945665464E-33,-1.,-6.12323399573677E-17));
#4664=(ANNOTATION_OCCURRENCE()ANNOTATION_TEXT_OCCURRENCE()DRAUGHTING_ANNOTATION_OCCURRENCE(
)GEOMETRIC_REPRESENTATION_ITEM()REPRESENTATION_ITEM('')STYLED_ITEM((#4665),#4658));
#4665=PRESENTATION_STYLE_ASSIGNMENT((#4666));
#4666=TEXT_STYLE_WITH_BOX_CHARACTERISTICS('',#4667,(BOX_SLANT_ANGLE(0.),BOX_ROTATE_ANGLE(
0.)));
#4667=TEXT_STYLE_FOR_DEFINED_FONT(#4668);
#4668=COLOUR_RGB('',0.,0.,0.);
#4669=EXTERNALLY_DEFINED_TEXT_FONT(IDENTIFIER(''),#4670);
#4670=EXTERNAL_SOURCE(IDENTIFIER(''));
#4671=AXIS2_PLACEMENT_3D('',#4672,#4673,#4674);
#4672=CARTESIAN_POINT('',(-8.57252759403147E-15,12.,-140.));
#4673=DIRECTION('',(-1.,0.,6.12323399573677E-17));
#4674=DIRECTION('',(-3.74939945665464E-33,-1.,-6.12323399573677E-17));
#4675=(DIMENSION_TEXT_ASSOCIATIVITY()REPRESENTATION_ITEM('')GEOMETRIC_REPRESENTATION_ITEM(
)TEXT_LITERAL('',#4671,'',.UNSPECIFIED.,#4669)MAPPED_ITEM(#4746,$));
#4676=(ANNOTATION_OCCURRENCE()ANNOTATION_TEXT_OCCURRENCE()DRAUGHTING_ANNOTATION_OCCURRENCE(
)GEOMETRIC_REPRESENTATION_ITEM()REPRESENTATION_ITEM('')STYLED_ITEM((#4677),#4675));
#4677=PRESENTATION_STYLE_ASSIGNMENT((#4678));
#4678=TEXT_STYLE_WITH_BOX_CHARACTERISTICS('',#4679,(BOX_SLANT_ANGLE(0.),BOX_ROTATE_ANGLE(
0.)));
#4679=TEXT_STYLE_FOR_DEFINED_FONT(#4680);
#4680=COLOUR_RGB('',0.,0.,0.);
#4681=REPRESENTATION_CONTEXT('NONE','NONE');
#4682=LINEAR_DIMENSION('\X2\041B0438043D04350439043D044B0439\X0\ \X2\044004300437043C04350440\X0\:3',
(#4651,#4664,#4676,#4689,#4699,#4709,#4714,#4726));
#4683=ANNOTATION_OCCURRENCE('',(#4684),#4682);
#4684=PRESENTATION_STYLE_ASSIGNMENT((#4686));
#4685=COLOUR_RGB('',0.,0.,0.);
#4686=CURVE_STYLE('',#4687,POSITIVE_LENGTH_MEASURE(0.1),#4685);
#4687=PRE_DEFINED_CURVE_FONT('continuous');
#4688=POLYLINE('',(#5072,#5073));
#4689=PROJECTION_CURVE('',(#4690),#4688);
#4690=PRESENTATION_STYLE_ASSIGNMENT((#4692));
#4691=COLOUR_RGB('',0.,0.,0.);
#4692=CURVE_STYLE('',#4693,POSITIVE_LENGTH_MEASURE(0.1),#4691);
#4693=PRE_DEFINED_CURVE_FONT('continuous');
#4694=SHAPE_ASPECT('','',#38,.F.);
#4695=PROPERTY_DEFINITION('NONE','NONE',#4694);
#4696=PROPERTY_DEFINITION_REPRESENTATION(#4695,#4697);
#4697=REPRESENTATION('NONE',(#4688),#4681);
#4698=POLYLINE('',(#5074,#5075));
#4699=PROJECTION_CURVE('',(#4700),#4698);
#4700=PRESENTATION_STYLE_ASSIGNMENT((#4702));
#4701=COLOUR_RGB('',0.,0.,0.);
#4702=CURVE_STYLE('',#4703,POSITIVE_LENGTH_MEASURE(0.1),#4701);
#4703=PRE_DEFINED_CURVE_FONT('continuous');
#4704=SHAPE_ASPECT('','',#38,.F.);
#4705=PROPERTY_DEFINITION('NONE','NONE',#4704);
#4706=PROPERTY_DEFINITION_REPRESENTATION(#4705,#4707);
#4707=REPRESENTATION('NONE',(#4698),#4681);
#4708=POLYLINE('',(#5076,#5077));
#4709=DIMENSION_CURVE('',(#4710),#4708);
#4710=PRESENTATION_STYLE_ASSIGNMENT((#4712));
#4711=COLOUR_RGB('',0.,0.,0.);
#4712=CURVE_STYLE('',#4713,POSITIVE_LENGTH_MEASURE(0.1),#4711);
#4713=PRE_DEFINED_CURVE_FONT('continuous');
#4714=TERMINATOR_SYMBOL('',(#4715),#4719,#4709);
#4715=PRESENTATION_STYLE_ASSIGNMENT((#4717));
#4716=COLOUR_RGB('',0.,0.,0.);
#4717=CURVE_STYLE('',#4718,POSITIVE_LENGTH_MEASURE(0.1),#4716);
#4718=PRE_DEFINED_CURVE_FONT('continuous');
#4719=DEFINED_SYMBOL('',#4720,#4721);
#4720=PRE_DEFINED_TERMINATOR_SYMBOL('filled arrow');
#4721=SYMBOL_TARGET('',#4722,0.1,0.1);
#4722=AXIS2_PLACEMENT_3D('',#4723,#4724,#4725);
#4723=CARTESIAN_POINT('',(-2.07575251722609E-14,12.,-338.99611196817));
#4724=DIRECTION('',(-1.,0.,6.12323399573677E-17));
#4725=DIRECTION('',(0.,-1.,0.));
#4726=TERMINATOR_SYMBOL('',(#4727),#4731,#4709);
#4727=PRESENTATION_STYLE_ASSIGNMENT((#4729));
#4728=COLOUR_RGB('',0.,0.,0.);
#4729=CURVE_STYLE('',#4730,POSITIVE_LENGTH_MEASURE(0.1),#4728);
#4730=PRE_DEFINED_CURVE_FONT('continuous');
#4731=DEFINED_SYMBOL('',#4732,#4733);
#4732=PRE_DEFINED_TERMINATOR_SYMBOL('filled arrow');
#4733=SYMBOL_TARGET('',#4734,0.1,0.1);
#4734=AXIS2_PLACEMENT_3D('',#4735,#4736,#4737);
#4735=CARTESIAN_POINT('',(-2.07575251722609E-14,8.00000000000002,-338.99611196817));
#4736=DIRECTION('',(-1.,0.,6.12323399573677E-17));
#4737=DIRECTION('',(0.,1.,0.));
#4738=SHAPE_DIMENSION_REPRESENTATION('NONE',(#4745),#8);
#4739=SHAPE_ASPECT('','',#38,.F.);
#4740=PROPERTY_DEFINITION('NONE','NONE',#4739);
#4741=PROPERTY_DEFINITION_REPRESENTATION(#4740,#4742);
#4742=REPRESENTATION('NONE',($),#8);
#4743=DIMENSIONAL_LOCATION('linear distance','',$,#4739);
#4744=DIMENSIONAL_CHARACTERISTIC_REPRESENTATION(#4743,#4738);
#4745=(LENGTH_MEASURE_WITH_UNIT()MEASURE_REPRESENTATION_ITEM()MEASURE_WITH_UNIT(
LENGTH_MEASURE(4.),#9)REPRESENTATION_ITEM('linear distance'));
#4746=REPRESENTATION_MAP($,#4738);
#4747=SHAPE_ASPECT_ASSOCIATIVITY('','',#4739,#4694);
#4748=SHAPE_ASPECT('','',#38,.F.);
#4749=DRAUGHTING_MODEL_ITEM_ASSOCIATION('','',#4748,#4639,#4683);
#4750=PLANE('',#4751);
#4751=AXIS2_PLACEMENT_3D('',#4752,#4753,#4754);
#4752=CARTESIAN_POINT('',(-1.08381241724541E-14,8.00000000000001,-177.));
#4753=DIRECTION('',(-1.,0.,6.12323399573677E-17));
#4754=DIRECTION('',(-3.74939945665464E-33,-1.,-6.12323399573677E-17));
#4755=ANNOTATION_PLANE('',(#4756),#4750,(#4793));
#4756=PRESENTATION_STYLE_ASSIGNMENT((#4758));
#4757=COLOUR_RGB('',0.,0.,0.);
#4758=CURVE_STYLE('',#4759,POSITIVE_LENGTH_MEASURE(0.1),#4757);
#4759=PRE_DEFINED_CURVE_FONT('continuous');
#4760=POLYLINE('',(#5078,#5079));
#4761=(ANNOTATION_OCCURRENCE()ANNOTATION_CURVE_OCCURRENCE()DRAUGHTING_ANNOTATION_OCCURRENCE(
)GEOMETRIC_REPRESENTATION_ITEM()REPRESENTATION_ITEM('')STYLED_ITEM((#4762),#4760));
#4762=PRESENTATION_STYLE_ASSIGNMENT((#4763));
#4763=CURVE_STYLE('',#4764,POSITIVE_LENGTH_MEASURE(0.1),#4765);
#4764=PRE_DEFINED_CURVE_FONT('continuous');
#4765=COLOUR_RGB('',0.,0.,0.);
#4766=EXTERNALLY_DEFINED_TEXT_FONT(IDENTIFIER(''),#4767);
#4767=EXTERNAL_SOURCE(IDENTIFIER('GOST Type AU'));
#4768=TEXT_LITERAL_WITH_EXTENT('','2',#4770,'',.UNSPECIFIED.,#4766,#4769);
#4769=PLANAR_EXTENT('',4.99499988555908,7.38187503814697);
#4770=AXIS2_PLACEMENT_3D('',#4771,#4772,#4773);
#4771=CARTESIAN_POINT('',(-2.66414756259936E-14,50.9949998855591,-435.088315170422));
#4772=DIRECTION('',(-1.,0.,6.12323399573677E-17));
#4773=DIRECTION('',(-3.74939945665464E-33,-1.,-6.12323399573677E-17));
#4774=(ANNOTATION_OCCURRENCE()ANNOTATION_TEXT_OCCURRENCE()DRAUGHTING_ANNOTATION_OCCURRENCE(
)GEOMETRIC_REPRESENTATION_ITEM()REPRESENTATION_ITEM('')STYLED_ITEM((#4775),#4768));
#4775=PRESENTATION_STYLE_ASSIGNMENT((#4776));
#4776=TEXT_STYLE_WITH_BOX_CHARACTERISTICS('',#4777,(BOX_SLANT_ANGLE(0.),BOX_ROTATE_ANGLE(
0.)));
#4777=TEXT_STYLE_FOR_DEFINED_FONT(#4778);
#4778=COLOUR_RGB('',0.,0.,0.);
#4779=EXTERNALLY_DEFINED_TEXT_FONT(IDENTIFIER(''),#4780);
#4780=EXTERNAL_SOURCE(IDENTIFIER(''));
#4781=AXIS2_PLACEMENT_3D('',#4782,#4783,#4784);
#4782=CARTESIAN_POINT('',(-1.08381241724541E-14,8.00000000000001,-177.));
#4783=DIRECTION('',(-1.,0.,6.12323399573677E-17));
#4784=DIRECTION('',(-3.74939945665464E-33,-1.,-6.12323399573677E-17));
#4785=(DIMENSION_TEXT_ASSOCIATIVITY()REPRESENTATION_ITEM('')GEOMETRIC_REPRESENTATION_ITEM(
)TEXT_LITERAL('',#4781,'',.UNSPECIFIED.,#4779)MAPPED_ITEM(#4856,$));
#4786=(ANNOTATION_OCCURRENCE()ANNOTATION_TEXT_OCCURRENCE()DRAUGHTING_ANNOTATION_OCCURRENCE(
)GEOMETRIC_REPRESENTATION_ITEM()REPRESENTATION_ITEM('')STYLED_ITEM((#4787),#4785));
#4787=PRESENTATION_STYLE_ASSIGNMENT((#4788));
#4788=TEXT_STYLE_WITH_BOX_CHARACTERISTICS('',#4789,(BOX_SLANT_ANGLE(0.),BOX_ROTATE_ANGLE(
0.)));
#4789=TEXT_STYLE_FOR_DEFINED_FONT(#4790);
#4790=COLOUR_RGB('',0.,0.,0.);
#4791=REPRESENTATION_CONTEXT('NONE','NONE');
#4792=LINEAR_DIMENSION('\X2\041B0438043D04350439043D044B0439\X0\ \X2\044004300437043C04350440\X0\:2',
(#4761,#4774,#4786,#4799,#4809,#4819,#4824,#4836));
#4793=ANNOTATION_OCCURRENCE('',(#4794),#4792);
#4794=PRESENTATION_STYLE_ASSIGNMENT((#4796));
#4795=COLOUR_RGB('',0.,0.,0.);
#4796=CURVE_STYLE('',#4797,POSITIVE_LENGTH_MEASURE(0.1),#4795);
#4797=PRE_DEFINED_CURVE_FONT('continuous');
#4798=POLYLINE('',(#5080,#5081));
#4799=PROJECTION_CURVE('',(#4800),#4798);
#4800=PRESENTATION_STYLE_ASSIGNMENT((#4802));
#4801=COLOUR_RGB('',0.,0.,0.);
#4802=CURVE_STYLE('',#4803,POSITIVE_LENGTH_MEASURE(0.1),#4801);
#4803=PRE_DEFINED_CURVE_FONT('continuous');
#4804=SHAPE_ASPECT('','',#38,.F.);
#4805=PROPERTY_DEFINITION('NONE','NONE',#4804);
#4806=PROPERTY_DEFINITION_REPRESENTATION(#4805,#4807);
#4807=REPRESENTATION('NONE',(#4798),#4791);
#4808=POLYLINE('',(#5082,#5083));
#4809=PROJECTION_CURVE('',(#4810),#4808);
#4810=PRESENTATION_STYLE_ASSIGNMENT((#4812));
#4811=COLOUR_RGB('',0.,0.,0.);
#4812=CURVE_STYLE('',#4813,POSITIVE_LENGTH_MEASURE(0.1),#4811);
#4813=PRE_DEFINED_CURVE_FONT('continuous');
#4814=SHAPE_ASPECT('','',#38,.F.);
#4815=PROPERTY_DEFINITION('NONE','NONE',#4814);
#4816=PROPERTY_DEFINITION_REPRESENTATION(#4815,#4817);
#4817=REPRESENTATION('NONE',(#4808),#4791);
#4818=POLYLINE('',(#5084,#5085));
#4819=DIMENSION_CURVE('',(#4820),#4818);
#4820=PRESENTATION_STYLE_ASSIGNMENT((#4822));
#4821=COLOUR_RGB('',0.,0.,0.);
#4822=CURVE_STYLE('',#4823,POSITIVE_LENGTH_MEASURE(0.1),#4821);
#4823=PRE_DEFINED_CURVE_FONT('continuous');
#4824=TERMINATOR_SYMBOL('',(#4825),#4829,#4819);
#4825=PRESENTATION_STYLE_ASSIGNMENT((#4827));
#4826=COLOUR_RGB('',0.,0.,0.);
#4827=CURVE_STYLE('',#4828,POSITIVE_LENGTH_MEASURE(0.1),#4826);
#4828=PRE_DEFINED_CURVE_FONT('continuous');
#4829=DEFINED_SYMBOL('',#4830,#4831);
#4830=PRE_DEFINED_TERMINATOR_SYMBOL('filled arrow');
#4831=SYMBOL_TARGET('',#4832,0.05,0.05);
#4832=AXIS2_PLACEMENT_3D('',#4833,#4834,#4835);
#4833=CARTESIAN_POINT('',(-2.67999143114729E-14,8.00000000000003,-437.67581526579));
#4834=DIRECTION('',(-1.,0.,6.12323399573677E-17));
#4835=DIRECTION('',(0.,-1.,0.));
#4836=TERMINATOR_SYMBOL('',(#4837),#4841,#4819);
#4837=PRESENTATION_STYLE_ASSIGNMENT((#4839));
#4838=COLOUR_RGB('',0.,0.,0.);
#4839=CURVE_STYLE('',#4840,POSITIVE_LENGTH_MEASURE(0.1),#4838);
#4840=PRE_DEFINED_CURVE_FONT('continuous');
#4841=DEFINED_SYMBOL('',#4842,#4843);
#4842=PRE_DEFINED_TERMINATOR_SYMBOL('filled arrow');
#4843=SYMBOL_TARGET('',#4844,0.05,0.05);
#4844=AXIS2_PLACEMENT_3D('',#4845,#4846,#4847);
#4845=CARTESIAN_POINT('',(-2.67999143114729E-14,6.00000000000003,-437.67581526579));
#4846=DIRECTION('',(-1.,0.,6.12323399573677E-17));
#4847=DIRECTION('',(0.,1.,0.));
#4848=SHAPE_DIMENSION_REPRESENTATION('NONE',(#4855),#8);
#4849=SHAPE_ASPECT('','',#38,.F.);
#4850=PROPERTY_DEFINITION('NONE','NONE',#4849);
#4851=PROPERTY_DEFINITION_REPRESENTATION(#4850,#4852);
#4852=REPRESENTATION('NONE',($),#8);
#4853=DIMENSIONAL_LOCATION('linear distance','',$,#4849);
#4854=DIMENSIONAL_CHARACTERISTIC_REPRESENTATION(#4853,#4848);
#4855=(LENGTH_MEASURE_WITH_UNIT()MEASURE_REPRESENTATION_ITEM()MEASURE_WITH_UNIT(
LENGTH_MEASURE(2.),#9)REPRESENTATION_ITEM('linear distance'));
#4856=REPRESENTATION_MAP($,#4848);
#4857=SHAPE_ASPECT_ASSOCIATIVITY('','',#4849,#4804);
#4858=SHAPE_ASPECT('','',#38,.F.);
#4859=DRAUGHTING_MODEL_ITEM_ASSOCIATION('','',#4858,#4639,#4793);
#4860=PLANE('',#4861);
#4861=AXIS2_PLACEMENT_3D('',#4862,#4863,#4864);
#4862=CARTESIAN_POINT('',(6.74891902197836E-32,18.,1.10218211923262E-15));
#4863=DIRECTION('',(-1.,0.,6.12323399573677E-17));
#4864=DIRECTION('',(-1.73457101911236E-32,-1.,-2.83276944882399E-16));
#4865=ANNOTATION_PLANE('',(#4866),#4860,(#4903));
#4866=PRESENTATION_STYLE_ASSIGNMENT((#4868));
#4867=COLOUR_RGB('',0.,0.,0.);
#4868=CURVE_STYLE('',#4869,POSITIVE_LENGTH_MEASURE(0.1),#4867);
#4869=PRE_DEFINED_CURVE_FONT('continuous');
#4870=POLYLINE('',(#5086,#5087));
#4871=(ANNOTATION_OCCURRENCE()ANNOTATION_CURVE_OCCURRENCE()DRAUGHTING_ANNOTATION_OCCURRENCE(
)GEOMETRIC_REPRESENTATION_ITEM()REPRESENTATION_ITEM('')STYLED_ITEM((#4872),#4870));
#4872=PRESENTATION_STYLE_ASSIGNMENT((#4873));
#4873=CURVE_STYLE('',#4874,POSITIVE_LENGTH_MEASURE(0.1),#4875);
#4874=PRE_DEFINED_CURVE_FONT('continuous');
#4875=COLOUR_RGB('',0.,0.,0.);
#4876=EXTERNALLY_DEFINED_TEXT_FONT(IDENTIFIER(''),#4877);
#4877=EXTERNAL_SOURCE(IDENTIFIER('GOST Type AU'));
#4878=TEXT_LITERAL_WITH_EXTENT('','6',#4880,'',.UNSPECIFIED.,#4876,#4879);
#4879=PLANAR_EXTENT('',5.12729167938232,7.38187503814697);
#4880=AXIS2_PLACEMENT_3D('',#4881,#4882,#4883);
#4881=CARTESIAN_POINT('',(-1.71552666463418E-14,74.1272916793824,-280.166765769297));
#4882=DIRECTION('',(-1.,0.,6.12323399573677E-17));
#4883=DIRECTION('',(-1.73457101911236E-32,-1.,-2.83276944882399E-16));
#4884=(ANNOTATION_OCCURRENCE()ANNOTATION_TEXT_OCCURRENCE()DRAUGHTING_ANNOTATION_OCCURRENCE(
)GEOMETRIC_REPRESENTATION_ITEM()REPRESENTATION_ITEM('')STYLED_ITEM((#4885),#4878));
#4885=PRESENTATION_STYLE_ASSIGNMENT((#4886));
#4886=TEXT_STYLE_WITH_BOX_CHARACTERISTICS('',#4887,(BOX_SLANT_ANGLE(0.),BOX_ROTATE_ANGLE(
0.)));
#4887=TEXT_STYLE_FOR_DEFINED_FONT(#4888);
#4888=COLOUR_RGB('',0.,0.,0.);
#4889=EXTERNALLY_DEFINED_TEXT_FONT(IDENTIFIER(''),#4890);
#4890=EXTERNAL_SOURCE(IDENTIFIER(''));
#4891=AXIS2_PLACEMENT_3D('',#4892,#4893,#4894);
#4892=CARTESIAN_POINT('',(6.74891902197836E-32,18.,1.10218211923262E-15));
#4893=DIRECTION('',(-1.,0.,6.12323399573677E-17));
#4894=DIRECTION('',(-1.73457101911236E-32,-1.,-2.83276944882399E-16));
#4895=(DIMENSION_TEXT_ASSOCIATIVITY()REPRESENTATION_ITEM('')GEOMETRIC_REPRESENTATION_ITEM(
)TEXT_LITERAL('',#4891,'',.UNSPECIFIED.,#4889)MAPPED_ITEM(#4966,$));
#4896=(ANNOTATION_OCCURRENCE()ANNOTATION_TEXT_OCCURRENCE()DRAUGHTING_ANNOTATION_OCCURRENCE(
)GEOMETRIC_REPRESENTATION_ITEM()REPRESENTATION_ITEM('')STYLED_ITEM((#4897),#4895));
#4897=PRESENTATION_STYLE_ASSIGNMENT((#4898));
#4898=TEXT_STYLE_WITH_BOX_CHARACTERISTICS('',#4899,(BOX_SLANT_ANGLE(0.),BOX_ROTATE_ANGLE(
0.)));
#4899=TEXT_STYLE_FOR_DEFINED_FONT(#4900);
#4900=COLOUR_RGB('',0.,0.,0.);
#4901=REPRESENTATION_CONTEXT('NONE','NONE');
#4902=LINEAR_DIMENSION('\X2\041B0438043D04350439043D044B0439\X0\ \X2\044004300437043C04350440\X0\:1',
(#4871,#4884,#4896,#4909,#4919,#4929,#4934,#4946));
#4903=ANNOTATION_OCCURRENCE('',(#4904),#4902);
#4904=PRESENTATION_STYLE_ASSIGNMENT((#4906));
#4905=COLOUR_RGB('',0.,0.,0.);
#4906=CURVE_STYLE('',#4907,POSITIVE_LENGTH_MEASURE(0.1),#4905);
#4907=PRE_DEFINED_CURVE_FONT('continuous');
#4908=POLYLINE('',(#5088,#5089));
#4909=PROJECTION_CURVE('',(#4910),#4908);
#4910=PRESENTATION_STYLE_ASSIGNMENT((#4912));
#4911=COLOUR_RGB('',0.,0.,0.);
#4912=CURVE_STYLE('',#4913,POSITIVE_LENGTH_MEASURE(0.1),#4911);
#4913=PRE_DEFINED_CURVE_FONT('continuous');
#4914=SHAPE_ASPECT('','',#38,.F.);
#4915=PROPERTY_DEFINITION('NONE','NONE',#4914);
#4916=PROPERTY_DEFINITION_REPRESENTATION(#4915,#4917);
#4917=REPRESENTATION('NONE',(#4908),#4901);
#4918=POLYLINE('',(#5090,#5091));
#4919=PROJECTION_CURVE('',(#4920),#4918);
#4920=PRESENTATION_STYLE_ASSIGNMENT((#4922));
#4921=COLOUR_RGB('',0.,0.,0.);
#4922=CURVE_STYLE('',#4923,POSITIVE_LENGTH_MEASURE(0.1),#4921);
#4923=PRE_DEFINED_CURVE_FONT('continuous');
#4924=SHAPE_ASPECT('','',#38,.F.);
#4925=PROPERTY_DEFINITION('NONE','NONE',#4924);
#4926=PROPERTY_DEFINITION_REPRESENTATION(#4925,#4927);
#4927=REPRESENTATION('NONE',(#4918),#4901);
#4928=POLYLINE('',(#5092,#5093));
#4929=DIMENSION_CURVE('',(#4930),#4928);
#4930=PRESENTATION_STYLE_ASSIGNMENT((#4932));
#4931=COLOUR_RGB('',0.,0.,0.);
#4932=CURVE_STYLE('',#4933,POSITIVE_LENGTH_MEASURE(0.1),#4931);
#4933=PRE_DEFINED_CURVE_FONT('continuous');
#4934=TERMINATOR_SYMBOL('',(#4935),#4939,#4929);
#4935=PRESENTATION_STYLE_ASSIGNMENT((#4937));
#4936=COLOUR_RGB('',0.,0.,0.);
#4937=CURVE_STYLE('',#4938,POSITIVE_LENGTH_MEASURE(0.1),#4936);
#4938=PRE_DEFINED_CURVE_FONT('continuous');
#4939=DEFINED_SYMBOL('',#4940,#4941);
#4940=PRE_DEFINED_TERMINATOR_SYMBOL('filled arrow');
#4941=SYMBOL_TARGET('',#4942,0.15,0.15);
#4942=AXIS2_PLACEMENT_3D('',#4943,#4944,#4945);
#4943=CARTESIAN_POINT('',(-1.73137053318211E-14,18.0000000000001,-282.754265864665));
#4944=DIRECTION('',(-1.,0.,6.12323399573677E-17));
#4945=DIRECTION('',(0.,-1.,0.));
#4946=TERMINATOR_SYMBOL('',(#4947),#4951,#4929);
#4947=PRESENTATION_STYLE_ASSIGNMENT((#4949));
#4948=COLOUR_RGB('',0.,0.,0.);
#4949=CURVE_STYLE('',#4950,POSITIVE_LENGTH_MEASURE(0.1),#4948);
#4950=PRE_DEFINED_CURVE_FONT('continuous');
#4951=DEFINED_SYMBOL('',#4952,#4953);
#4952=PRE_DEFINED_TERMINATOR_SYMBOL('filled arrow');
#4953=SYMBOL_TARGET('',#4954,0.15,0.15);
#4954=AXIS2_PLACEMENT_3D('',#4955,#4956,#4957);
#4955=CARTESIAN_POINT('',(-1.73137053318211E-14,12.0000000000001,-282.754265864665));
#4956=DIRECTION('',(-1.,0.,6.12323399573677E-17));
#4957=DIRECTION('',(0.,1.,0.));
#4958=SHAPE_DIMENSION_REPRESENTATION('NONE',(#4965),#8);
#4959=SHAPE_ASPECT('','',#38,.F.);
#4960=PROPERTY_DEFINITION('NONE','NONE',#4959);
#4961=PROPERTY_DEFINITION_REPRESENTATION(#4960,#4962);
#4962=REPRESENTATION('NONE',($),#8);
#4963=DIMENSIONAL_LOCATION('linear distance','',$,#4959);
#4964=DIMENSIONAL_CHARACTERISTIC_REPRESENTATION(#4963,#4958);
#4965=(LENGTH_MEASURE_WITH_UNIT()MEASURE_REPRESENTATION_ITEM()MEASURE_WITH_UNIT(
LENGTH_MEASURE(6.),#9)REPRESENTATION_ITEM('linear distance'));
#4966=REPRESENTATION_MAP($,#4958);
#4967=SHAPE_ASPECT_ASSOCIATIVITY('','',#4959,#4914);
#4968=SHAPE_ASPECT('','',#38,.F.);
#4969=DRAUGHTING_MODEL_ITEM_ASSOCIATION('','',#4968,#4639,#4903);
#4970=PLANE('',#4971);
#4971=AXIS2_PLACEMENT_3D('',#4972,#4973,#4974);
#4972=CARTESIAN_POINT('',(0.,0.,0.));
#4973=DIRECTION('',(0.,1.,6.12323399573677E-17));
#4974=DIRECTION('',(0.135765132685899,-6.06653928016036E-17,0.990741050298604));
#4975=ANNOTATION_PLANE('',(#4976),#4970,(#5024));
#4976=PRESENTATION_STYLE_ASSIGNMENT((#4978));
#4977=COLOUR_RGB('',0.,0.,0.);
#4978=CURVE_STYLE('',#4979,POSITIVE_LENGTH_MEASURE(0.1),#4977);
#4979=PRE_DEFINED_CURVE_FONT('continuous');
#4980=POLYLINE('',(#5094,#5095));
#4981=(ANNOTATION_OCCURRENCE()ANNOTATION_CURVE_OCCURRENCE()DRAUGHTING_ANNOTATION_OCCURRENCE(
)GEOMETRIC_REPRESENTATION_ITEM()REPRESENTATION_ITEM('')STYLED_ITEM((#4982),#4980));
#4982=PRESENTATION_STYLE_ASSIGNMENT((#4983));
#4983=CURVE_STYLE('',#4984,POSITIVE_LENGTH_MEASURE(0.1),#4985);
#4984=PRE_DEFINED_CURVE_FONT('continuous');
#4985=COLOUR_RGB('',0.,0.,0.);
#4986=PRE_DEFINED_DIMENSION_SYMBOL('diameter');
#4987=DEFINED_SYMBOL('',#4986,#4988);
#4988=SYMBOL_TARGET('',#4989,5.12729167938232,5.12729167938232);
#4989=AXIS2_PLACEMENT_3D('',#4990,#4991,#4992);
#4990=CARTESIAN_POINT('',(37.8522424166863,-1.57469184234266E-14,257.166693848221));
#4991=DIRECTION('',(0.,1.,6.12323399573677E-17));
#4992=DIRECTION('',(0.135765132685899,-6.06653928016036E-17,0.990741050298604));
#4993=(ANNOTATION_OCCURRENCE()ANNOTATION_SYMBOL_OCCURRENCE()DRAUGHTING_ANNOTATION_OCCURRENCE(
)GEOMETRIC_REPRESENTATION_ITEM()REPRESENTATION_ITEM('')STYLED_ITEM((#4994),#4987));
#4994=PRESENTATION_STYLE_ASSIGNMENT((#4995));
#4995=SYMBOL_STYLE('',#4996);
#4996=COLOUR_RGB('',0.,0.,0.);
#4997=EXTERNALLY_DEFINED_TEXT_FONT(IDENTIFIER(''),#4998);
#4998=EXTERNAL_SOURCE(IDENTIFIER('GOST Type AU'));
#4999=TEXT_LITERAL_WITH_EXTENT('','460',#5001,'',.UNSPECIFIED.,#4997,#5000);
#5000=PLANAR_EXTENT('',11.3449993133545,7.38187503814697);
#5001=AXIS2_PLACEMENT_3D('',#5002,#5003,#5004);
#5002=CARTESIAN_POINT('',(38.301257287063,-1.59475565618519E-14,260.443363310224));
#5003=DIRECTION('',(0.,1.,6.12323399573677E-17));
#5004=DIRECTION('',(0.135765132685899,-6.06653928016036E-17,0.990741050298604));
#5005=(ANNOTATION_OCCURRENCE()ANNOTATION_TEXT_OCCURRENCE()DRAUGHTING_ANNOTATION_OCCURRENCE(
)GEOMETRIC_REPRESENTATION_ITEM()REPRESENTATION_ITEM('')STYLED_ITEM((#5006),#4999));
#5006=PRESENTATION_STYLE_ASSIGNMENT((#5007));
#5007=TEXT_STYLE_WITH_BOX_CHARACTERISTICS('',#5008,(BOX_SLANT_ANGLE(0.),BOX_ROTATE_ANGLE(
0.)));
#5008=TEXT_STYLE_FOR_DEFINED_FONT(#5009);
#5009=COLOUR_RGB('',0.,0.,0.);
#5010=EXTERNALLY_DEFINED_TEXT_FONT(IDENTIFIER(''),#5011);
#5011=EXTERNAL_SOURCE(IDENTIFIER(''));
#5012=AXIS2_PLACEMENT_3D('',#5013,#5014,#5015);
#5013=CARTESIAN_POINT('',(0.,0.,0.));
#5014=DIRECTION('',(0.,1.,6.12323399573677E-17));
#5015=DIRECTION('',(0.135765132685899,-6.06653928016036E-17,0.990741050298604));
#5016=(DIMENSION_TEXT_ASSOCIATIVITY()REPRESENTATION_ITEM('')GEOMETRIC_REPRESENTATION_ITEM(
)TEXT_LITERAL('',#5012,'',.UNSPECIFIED.,#5010)MAPPED_ITEM(#5067,$));
#5017=(ANNOTATION_OCCURRENCE()ANNOTATION_TEXT_OCCURRENCE()DRAUGHTING_ANNOTATION_OCCURRENCE(
)GEOMETRIC_REPRESENTATION_ITEM()REPRESENTATION_ITEM('')STYLED_ITEM((#5018),#5016));
#5018=PRESENTATION_STYLE_ASSIGNMENT((#5019));
#5019=TEXT_STYLE_WITH_BOX_CHARACTERISTICS('',#5020,(BOX_SLANT_ANGLE(0.),BOX_ROTATE_ANGLE(
0.)));
#5020=TEXT_STYLE_FOR_DEFINED_FONT(#5021);
#5021=COLOUR_RGB('',0.,0.,0.);
#5022=REPRESENTATION_CONTEXT('NONE','NONE');
#5023=DIAMETER_DIMENSION('\X2\041404380430043C0435044204400430043B044C043D044B0439\X0\ \X2\044004300437043C04350440\X0\:1',
(#4981,#4993,#5005,#5017,#5030,#5035,#5047));
#5024=ANNOTATION_OCCURRENCE('',(#5025),#5023);
#5025=PRESENTATION_STYLE_ASSIGNMENT((#5027));
#5026=COLOUR_RGB('',0.,0.,0.);
#5027=CURVE_STYLE('',#5028,POSITIVE_LENGTH_MEASURE(0.1),#5026);
#5028=PRE_DEFINED_CURVE_FONT('continuous');
#5029=POLYLINE('',(#5096,#5097));
#5030=DIMENSION_CURVE('',(#5031),#5029);
#5031=PRESENTATION_STYLE_ASSIGNMENT((#5033));
#5032=COLOUR_RGB('',0.,0.,0.);
#5033=CURVE_STYLE('',#5034,POSITIVE_LENGTH_MEASURE(0.1),#5032);
#5034=PRE_DEFINED_CURVE_FONT('continuous');
#5035=TERMINATOR_SYMBOL('',(#5036),#5040,#5030);
#5036=PRESENTATION_STYLE_ASSIGNMENT((#5038));
#5037=COLOUR_RGB('',0.,0.,0.);
#5038=CURVE_STYLE('',#5039,POSITIVE_LENGTH_MEASURE(0.1),#5037);
#5039=PRE_DEFINED_CURVE_FONT('continuous');
#5040=DEFINED_SYMBOL('',#5041,#5042);
#5041=PRE_DEFINED_TERMINATOR_SYMBOL('filled arrow');
#5042=SYMBOL_TARGET('',#5043,11.5,11.5);
#5043=AXIS2_PLACEMENT_3D('',#5044,#5045,#5046);
#5044=CARTESIAN_POINT('',(-31.2259805177568,1.39530403443688E-14,-227.870441568679));
#5045=DIRECTION('',(0.,1.,6.12323399573677E-17));
#5046=DIRECTION('',(-0.135765132685899,6.06653928016036E-17,-0.990741050298604));
#5047=TERMINATOR_SYMBOL('',(#5048),#5052,#5030);
#5048=PRESENTATION_STYLE_ASSIGNMENT((#5050));
#5049=COLOUR_RGB('',0.,0.,0.);
#5050=CURVE_STYLE('',#5051,POSITIVE_LENGTH_MEASURE(0.1),#5049);
#5051=PRE_DEFINED_CURVE_FONT('continuous');
#5052=DEFINED_SYMBOL('',#5053,#5054);
#5053=PRE_DEFINED_TERMINATOR_SYMBOL('filled arrow');
#5054=SYMBOL_TARGET('',#5055,11.5,11.5);
#5055=AXIS2_PLACEMENT_3D('',#5056,#5057,#5058);
#5056=CARTESIAN_POINT('',(31.2259805177568,-1.39530403443688E-14,227.870441568679));
#5057=DIRECTION('',(0.,1.,6.12323399573677E-17));
#5058=DIRECTION('',(0.135765132685899,-6.06653928016036E-17,0.990741050298604));
#5059=SHAPE_DIMENSION_REPRESENTATION('NONE',(#5066),#8);
#5060=SHAPE_ASPECT('','',#38,.F.);
#5061=PROPERTY_DEFINITION('NONE','NONE',#5060);
#5062=PROPERTY_DEFINITION_REPRESENTATION(#5061,#5063);
#5063=REPRESENTATION('NONE',($),#8);
#5064=DIMENSIONAL_SIZE(#5060,'diameter');
#5065=DIMENSIONAL_CHARACTERISTIC_REPRESENTATION(#5064,#5059);
#5066=(LENGTH_MEASURE_WITH_UNIT()MEASURE_REPRESENTATION_ITEM()MEASURE_WITH_UNIT(
LENGTH_MEASURE(460.),#9)REPRESENTATION_ITEM('diameter'));
#5067=REPRESENTATION_MAP($,#5059);
#5068=SHAPE_ASPECT('','',#38,.F.);
#5069=DRAUGHTING_MODEL_ITEM_ASSOCIATION('','',#5068,#4639,#5024);
#5070=CARTESIAN_POINT('',(-2.07575251722609E-14,12.,-338.99611196817));
#5071=CARTESIAN_POINT('',(-2.07575251722609E-14,59.8627080917359,-338.99611196817));
#5072=CARTESIAN_POINT('',(-8.57252759403147E-15,12.,-140.));
#5073=CARTESIAN_POINT('',(-2.08799898521756E-14,12.,-340.99611196817));
#5074=CARTESIAN_POINT('',(-8.57252759403147E-15,8.00000000000001,-140.));
#5075=CARTESIAN_POINT('',(-2.08799898521756E-14,8.00000000000002,-340.99611196817));
#5076=CARTESIAN_POINT('',(-2.07575251722609E-14,12.,-338.99611196817));
#5077=CARTESIAN_POINT('',(-2.07575251722609E-14,8.00000000000002,-338.99611196817));
#5078=CARTESIAN_POINT('',(-2.67999143114729E-14,8.00000000000003,-437.67581526579));
#5079=CARTESIAN_POINT('',(-2.67999143114729E-14,52.9949998855591,-437.67581526579));
#5080=CARTESIAN_POINT('',(-1.08381241724541E-14,8.00000000000001,-177.));
#5081=CARTESIAN_POINT('',(-2.69223789913876E-14,8.00000000000003,-439.67581526579));
#5082=CARTESIAN_POINT('',(-1.08381241724541E-14,6.00000000000001,-177.));
#5083=CARTESIAN_POINT('',(-2.69223789913876E-14,6.00000000000003,-439.67581526579));
#5084=CARTESIAN_POINT('',(-2.67999143114729E-14,8.00000000000003,-437.67581526579));
#5085=CARTESIAN_POINT('',(-2.67999143114729E-14,6.00000000000003,-437.67581526579));
#5086=CARTESIAN_POINT('',(-1.73137053318211E-14,18.0000000000001,-282.754265864665));
#5087=CARTESIAN_POINT('',(-1.73137053318211E-14,76.1272916793824,-282.754265864665));
#5088=CARTESIAN_POINT('',(6.74891902197836E-32,18.,1.10218211923262E-15));
#5089=CARTESIAN_POINT('',(-1.74361700117358E-14,18.0000000000001,-284.754265864665));
#5090=CARTESIAN_POINT('',(-3.83167548838817E-47,12.,-5.91645678915759E-31));
#5091=CARTESIAN_POINT('',(-1.74361700117358E-14,12.0000000000001,-284.754265864665));
#5092=CARTESIAN_POINT('',(-1.73137053318211E-14,18.0000000000001,-282.754265864665));
#5093=CARTESIAN_POINT('',(-1.73137053318211E-14,12.0000000000001,-282.754265864665));
#5094=CARTESIAN_POINT('',(31.2259805177568,-1.39530403443688E-14,227.870441568679));
#5095=CARTESIAN_POINT('',(37.5495002626639,-1.67786466073628E-14,274.016093767522));
#5096=CARTESIAN_POINT('',(-31.2259805177568,1.39530403443688E-14,-227.870441568679));
#5097=CARTESIAN_POINT('',(31.2259805177568,-1.39530403443688E-14,227.870441568679));
ENDSEC;
END-ISO-10303-21;
